Date	Item	Liters	pH	TDS	Hardness	Turbidity
26-09-2022	Fish	7.03	7.22	402	249	2.44
27-09-2022	Wheat	9.82	8.19	103	156	4.57
27-09-2022	Beef	3.81	8.22	396	140	2.29
28-09-2022	Tomatoes	1.91	6.76	203	265	1.32
28-09-2022	Yogurt	4.74	6.53	414	260	4.56
28-09-2022	Fish	9.96	7.5	405	224	0.71
29-09-2022	Eggs	3.4	7.44	219	103	3.73
29-09-2022	Milk	1.07	8.21	246	176	0.19
30-09-2022	Milk	5.41	7.25	164	182	2.09
01-10-2022	Fish	4.36	6.73	148	57	1.3
01-10-2022	Tomatoes	7.35	7.13	226	52	4.15
01-10-2022	Yogurt	1.54	7.77	90	125	0.52
01-10-2022	Butter	2.34	8.19	229	234	1.96
01-10-2022	Sugar	9.92	7.51	336	206	1.71
02-10-2022	Chicken	4.48	8.3	311	234	3.13
02-10-2022	Beef	1.93	8.39	161	74	0.18
03-10-2022	Yogurt	4.84	8	499	194	2.23
03-10-2022	Wheat	6.61	7.15	437	195	0.29
05-10-2022	Cheese	3	8.44	151	101	2.32
06-10-2022	Fish	8.61	8.36	306	129	2.06
06-10-2022	Yogurt	1.1	7.33	132	237	1.05
06-10-2022	Beef	7.51	8.14	399	180	1.27
07-10-2022	Chicken	6.34	7.49	423	211	2.54
08-10-2022	Tomatoes	9.98	7.84	118	52	0.45
08-10-2022	Yogurt	2.22	8.49	352	211	3.21
09-10-2022	Pork	8.16	7.18	140	285	4.03
09-10-2022	Fish	6.99	7.73	226	300	4.94
09-10-2022	Fish	2.04	7.71	71	67	4.92
09-10-2022	Pork	3.45	7.51	55	75	0.82
09-10-2022	Butter	9.85	8.27	130	262	4.99
09-10-2022	Tomatoes	1.11	7.59	370	207	4.56
10-10-2022	Yogurt	8.75	7.98	492	107	3.74
11-10-2022	Cheese	7.07	7.75	113	55	4.14
11-10-2022	Potatoes	8.2	7.92	89	251	0.11
12-10-2022	Cheese	4.61	7.26	124	254	4.8
12-10-2022	Milk	1.63	8.27	116	253	1.03
12-10-2022	Apples	6.56	7.58	143	99	3.92
12-10-2022	Milk	9.72	8.36	183	127	2.72
12-10-2022	Beef	9.98	8.29	391	84	0.99
13-10-2022	Wheat	8.86	6.77	182	151	2.45
14-10-2022	Coffee	4.34	7.25	301	56	2.51
14-10-2022	Yogurt	9.09	7.27	203	145	0.22
15-10-2022	Apples	4.42	7.21	324	52	3.53
15-10-2022	Oranges	8.37	6.94	90	158	3.16
15-10-2022	Oranges	4.32	7.73	260	109	4.34
15-10-2022	Apples	6.82	7.89	464	165	1.86
15-10-2022	Cheese	7.73	7.94	297	95	4.58
15-10-2022	Bread	6.45	8.43	388	180	0.25
15-10-2022	Oranges	5.93	8.39	472	190	0.39
16-10-2022	Chicken	3.85	7.41	135	208	4.63
17-10-2022	Coffee	9.21	8.26	398	104	2.02
19-10-2022	Milk	8.33	7.1	198	166	3.67
19-10-2022	Pork	5.9	8.4	423	218	3.94
19-10-2022	Sugar	3.13	8.07	442	269	2.8
20-10-2022	Apples	3.21	6.6	314	199	0.7
20-10-2022	Yogurt	1.14	6.56	90	95	1.48
20-10-2022	Pork	2.85	8.29	262	259	0.67
21-10-2022	Coffee	1.88	8.36	282	95	2
21-10-2022	Coffee	2.29	6.64	480	255	2.43
21-10-2022	Beef	5.06	7.38	118	54	3.93
21-10-2022	Tomatoes	1.09	7.95	333	124	4.65
21-10-2022	Bread	2.24	7.88	417	165	1.28
24-10-2022	Potatoes	9.51	7.2	132	268	2.55
24-10-2022	Cheese	1.1	8.29	263	277	2.42
24-10-2022	Bananas	7.15	7.92	202	150	3.1
24-10-2022	Oranges	3.21	7.07	488	195	1.38
24-10-2022	Fish	5.28	8.26	235	254	3.79
26-10-2022	Milk	8.97	8.2	373	57	4.08
26-10-2022	Fish	4	7.74	387	272	2.43
27-10-2022	Butter	5.46	8	307	279	0.19
27-10-2022	Fish	7.61	6.75	364	293	3.97
28-10-2022	Milk	3.81	8.38	293	218	4.3
28-10-2022	Bread	7.82	6.91	107	60	2
28-10-2022	Wheat	9.37	8.24	295	67	1.83
28-10-2022	Butter	5.7	7.58	436	166	0.32
29-10-2022	Fish	5.51	7.04	407	188	2.57
29-10-2022	Wheat	9.54	8.48	181	54	3.42
29-10-2022	Coffee	2.6	7.42	134	278	0.95
29-10-2022	Rice	8.75	6.72	225	230	0.4
30-10-2022	Beef	4.48	6.85	315	297	0.84
30-10-2022	Tea	7.71	7.37	313	59	3.36
30-10-2022	Cheese	0.96	7.61	469	212	0.93
31-10-2022	Yogurt	6.59	7.67	163	250	4.68
31-10-2022	Oranges	2.59	6.59	56	294	0.75
02-11-2022	Chicken	8.55	6.71	116	106	4.59
03-11-2022	Butter	1.2	8.17	495	90	0.25
03-11-2022	Potatoes	6.71	6.56	265	116	1.08
03-11-2022	Bread	9.28	7.17	145	115	1.77
04-11-2022	Chicken	5.09	7.48	260	162	0.33
04-11-2022	Sugar	1.53	7.58	270	105	3.11
05-11-2022	Fish	4.6	7.68	370	131	3.59
06-11-2022	Tomatoes	6.65	6.85	70	297	1.98
06-11-2022	Butter	6.78	8.17	483	95	2.27
07-11-2022	Wheat	1	8.36	291	282	1.84
07-11-2022	Oranges	8.36	6.83	461	145	3.27
08-11-2022	Rice	4.12	6.61	78	101	1.41
08-11-2022	Chicken	2.92	7.7	389	265	0.89
09-11-2022	Potatoes	9.15	6.54	396	85	1.96
09-11-2022	Oranges	4.9	8.3	281	89	0.8
11-11-2022	Bread	1.03	7.93	117	177	0.41
11-11-2022	Chicken	9.07	7.63	272	137	0.25
12-11-2022	Fish	2.67	7.93	140	60	4.9
13-11-2022	Beef	8.03	7.6	308	136	3.32
13-11-2022	Cheese	3.91	8.02	174	282	1.93
15-11-2022	Sugar	2.3	6.87	228	132	3.69
15-11-2022	Rice	6.28	7.49	161	200	3.33
15-11-2022	Pork	1.45	6.85	161	115	4.5
16-11-2022	Bananas	7.02	8.38	93	199	2.97
16-11-2022	Tea	1.83	8.14	480	91	0.94
17-11-2022	Chicken	7.7	6.84	239	191	0.91
17-11-2022	Fish	4.01	7.87	284	71	0.15
17-11-2022	Apples	8.16	6.51	495	228	2.07
18-11-2022	Cheese	5.21	7.86	115	133	3.78
18-11-2022	Eggs	7.44	7.06	184	194	0.6
18-11-2022	Bananas	6	7.2	378	183	2.3
18-11-2022	Pork	8.76	8.22	389	112	2.5
19-11-2022	Wheat	7.76	8.4	344	266	4.92
19-11-2022	Bread	4.21	6.63	385	88	1.82
19-11-2022	Coffee	9.89	6.72	293	168	4.92
19-11-2022	Fish	8.41	7.58	444	192	4.06
20-11-2022	Fish	5.11	8.1	491	58	1.78
20-11-2022	Coffee	7.82	6.98	275	235	3.22
20-11-2022	Wheat	6.44	6.61	156	111	2.11
21-11-2022	Beef	5.14	8.3	409	197	4.12
22-11-2022	Beef	3.55	7.9	243	84	4.95
23-11-2022	Sugar	7.24	7.86	322	280	1.53
23-11-2022	Bananas	5.95	6.93	273	120	3.76
24-11-2022	Apples	5.58	6.52	282	181	4.54
24-11-2022	Oranges	0.98	6.52	372	266	3.59
24-11-2022	Tea	6.89	7.21	466	146	4.15
24-11-2022	Eggs	9.6	8.09	114	89	1.79
24-11-2022	Beef	1.05	8.39	121	235	2.08
25-11-2022	Oranges	2.52	6.88	376	173	3.89
25-11-2022	Cheese	7.39	7.63	257	90	2
26-11-2022	Oranges	7.93	7.22	328	250	2.47
27-11-2022	Wheat	2.23	6.5	388	240	1.68
27-11-2022	Yogurt	3.62	7.28	335	53	1.78
28-11-2022	Rice	4.15	7.88	449	173	0.69
28-11-2022	Oranges	1.06	8.12	128	261	3.61
28-11-2022	Tomatoes	9.12	7.57	175	147	0.18
28-11-2022	Rice	9.62	7.03	483	88	3.52
28-11-2022	Potatoes	4.23	8.36	354	248	2.56
29-11-2022	Butter	5.69	7.71	447	235	4.83
29-11-2022	Fish	2.04	7.15	342	173	2.47
29-11-2022	Fish	9.15	8.31	374	284	4.52
29-11-2022	Bananas	6.95	8.34	408	141	3.36
30-11-2022	Bread	2.87	8.49	328	253	0.2
30-11-2022	Tea	0.98	7.22	151	120	1.9
30-11-2022	Pork	7.66	7.01	150	133	4.5
01-12-2022	Milk	9.06	7.31	236	221	3.32
01-12-2022	Bread	5.77	7.98	425	70	4.61
01-12-2022	Sugar	5.83	7.71	477	83	3.81
01-12-2022	Milk	5.5	8.11	138	231	2.76
02-12-2022	Rice	1.11	7.48	148	63	3.21
02-12-2022	Sugar	7.83	8.44	153	104	0.82
03-12-2022	Tea	2.72	7.79	233	280	0.5
03-12-2022	Apples	2.46	8.39	248	234	1.7
04-12-2022	Rice	5.26	8.29	251	84	0.92
06-12-2022	Bananas	5.03	6.72	209	135	0.8
07-12-2022	Sugar	2.94	7.9	384	72	4.4
08-12-2022	Potatoes	7.15	7.48	214	54	0.85
08-12-2022	Fish	5.61	7.35	334	165	0.3
09-12-2022	Beef	5.33	7.68	445	74	1.24
09-12-2022	Oranges	7.95	8.39	392	191	0.42
10-12-2022	Potatoes	2.19	8.43	493	152	0.54
10-12-2022	Tomatoes	2.55	8.14	300	50	0.7
10-12-2022	Chicken	6.25	8.09	224	130	0.68
10-12-2022	Bananas	2.35	7.55	350	130	4.43
11-12-2022	Apples	5.84	6.88	156	289	2.75
11-12-2022	Chicken	8.24	7.39	368	59	4.68
11-12-2022	Pork	3.18	6.77	440	100	1.54
12-12-2022	Tea	4.42	8.14	410	250	3.73
12-12-2022	Milk	2.08	7.16	283	86	4.81
13-12-2022	Bread	0.89	7.58	126	133	2.56
13-12-2022	Pork	8.41	7.64	292	178	1.83
14-12-2022	Oranges	6.75	7.55	409	201	1.35
14-12-2022	Oranges	0.68	6.95	268	88	1.37
15-12-2022	Chicken	7.64	7.09	315	140	1.23
15-12-2022	Eggs	2.33	6.56	61	182	2.61
15-12-2022	Potatoes	6.06	6.52	500	257	0.77
16-12-2022	Yogurt	4.64	6.63	163	144	0.49
16-12-2022	Eggs	5.45	8.46	292	149	3.44
16-12-2022	Eggs	2.63	6.91	491	258	3.93
16-12-2022	Milk	1.56	8.39	128	289	3.59
17-12-2022	Oranges	8.52	8.06	452	67	2.75
17-12-2022	Wheat	0.55	7.51	245	127	4.89
17-12-2022	Beef	6.65	7.18	320	249	3.49
17-12-2022	Cheese	7.48	8.4	354	293	3.47
19-12-2022	Wheat	2.34	8.09	400	266	4.85
19-12-2022	Potatoes	8.45	6.82	215	102	0.56
19-12-2022	Yogurt	5.38	8.21	174	227	4.01
20-12-2022	Oranges	1.18	7.44	148	279	4.22
20-12-2022	Bread	9.23	8.31	231	82	2.07
20-12-2022	Eggs	8.09	8.24	85	103	0.13
21-12-2022	Fish	1.03	6.78	406	230	0.8
21-12-2022	Cheese	7.47	8.38	68	266	0.2
21-12-2022	Sugar	3.83	8.11	235	243	0.88
22-12-2022	Beef	4.21	7.19	75	58	4.22
23-12-2022	Fish	2.05	6.65	483	58	1.55
23-12-2022	Tea	3.5	8.13	201	264	1.17
24-12-2022	Coffee	9.97	7.88	300	237	4.87
24-12-2022	Chicken	9.8	8.21	387	86	1.85
24-12-2022	Cheese	3.48	6.63	142	116	3.85
24-12-2022	Potatoes	7.77	7.92	290	240	0.59
24-12-2022	Butter	5.79	8.46	280	132	4.3
25-12-2022	Cheese	4.73	8.44	407	188	0.97
25-12-2022	Chicken	7.7	8.21	107	239	0.37
25-12-2022	Butter	7.27	8.38	243	262	2.96
25-12-2022	Rice	3.38	7.26	340	296	0.88
25-12-2022	Bread	8.65	8.06	418	271	2.67
25-12-2022	Potatoes	0.55	6.68	316	216	4.73
26-12-2022	Bread	1.82	8.29	437	54	4.2
27-12-2022	Beef	7.38	6.59	312	77	4.1
27-12-2022	Oranges	1.03	7.32	380	256	0.79
27-12-2022	Coffee	8.95	7.3	200	51	3.16
27-12-2022	Yogurt	7.38	7.37	486	90	2.49
28-12-2022	Milk	5	6.73	451	151	2.41
28-12-2022	Sugar	3.98	7.68	275	222	4.79
28-12-2022	Wheat	1.76	8.04	187	86	4.7
28-12-2022	Tomatoes	3.09	7.31	59	250	2.13
28-12-2022	Fish	1.94	7.61	212	245	1.18
29-12-2022	Tea	4.4	6.66	357	51	1.3
29-12-2022	Bananas	4.17	8.18	465	228	4.92
29-12-2022	Coffee	5.76	6.7	254	120	3.84
29-12-2022	Bananas	0.56	6.63	452	139	4.72
29-12-2022	Tea	6.39	7.2	236	295	2.05
30-12-2022	Chicken	0.9	6.78	312	204	2.53
31-12-2022	Wheat	8.73	7.67	367	68	2.41
31-12-2022	Fish	7	8.08	300	79	1.69
01-01-2023	Wheat	2.76	6.68	55	108	2.12
01-01-2023	Potatoes	5.96	7.73	100	138	1.5
03-01-2023	Tea	9.93	7	258	203	1.43
03-01-2023	Tomatoes	8.05	7.83	177	69	3.12
03-01-2023	Butter	7.94	7.42	282	94	3.58
03-01-2023	Bread	1.67	6.91	462	283	3.71
04-01-2023	Cheese	4.09	7.25	356	159	4.89
04-01-2023	Tea	7.89	7.28	403	194	3.41
05-01-2023	Rice	2.02	6.94	406	52	4.41
06-01-2023	Cheese	5.28	6.74	296	218	0.74
06-01-2023	Beef	2.34	8.17	394	172	4.59
06-01-2023	Bananas	9.58	7.36	383	269	1.44
07-01-2023	Chicken	8.97	6.89	425	276	3.17
07-01-2023	Eggs	7.82	7.79	246	151	3.56
07-01-2023	Butter	3.12	6.57	121	87	2.66
07-01-2023	Beef	3.62	7.47	195	293	3.26
07-01-2023	Bread	7.23	7.57	103	256	4.15
08-01-2023	Milk	1.49	7.74	93	217	4.66
08-01-2023	Potatoes	3.3	7.25	214	159	3.98
09-01-2023	Yogurt	9.53	8.48	311	121	0.82
09-01-2023	Tea	7.07	8.24	431	204	3.66
09-01-2023	Coffee	7.17	8	175	239	3.34
09-01-2023	Butter	2.36	6.94	116	256	4.72
09-01-2023	Potatoes	5.04	8.44	386	97	2.95
10-01-2023	Eggs	9.17	7.93	102	58	0.46
10-01-2023	Rice	4.9	8.03	315	167	4.21
10-01-2023	Tomatoes	6.64	7.7	304	287	4.57
11-01-2023	Sugar	8.07	7.1	394	190	4.94
11-01-2023	Wheat	8.05	7.89	429	258	2.05
11-01-2023	Rice	3.53	6.52	218	104	2.38
11-01-2023	Cheese	6.68	8.29	294	272	3.56
11-01-2023	Potatoes	8.96	8.36	307	99	2.78
13-01-2023	Oranges	4.7	6.57	140	192	3.33
13-01-2023	Tomatoes	9.27	6.64	479	215	2.47
13-01-2023	Chicken	8.8	8.21	51	294	1.27
13-01-2023	Fish	8.73	6.89	343	289	0.61
14-01-2023	Eggs	5.58	7.78	366	66	3.8
15-01-2023	Beef	8.43	8.46	267	104	2.62
15-01-2023	Potatoes	3.88	7.67	443	178	0.18
15-01-2023	Coffee	8.72	7.48	276	137	2.73
16-01-2023	Tea	8.25	7.11	295	89	1.29
16-01-2023	Rice	1.1	7.54	286	161	1.96
17-01-2023	Bananas	3.73	8.15	362	203	3.78
17-01-2023	Butter	3.32	7.32	377	123	1.17
17-01-2023	Cheese	6.89	8.17	332	87	1.47
18-01-2023	Bread	4.33	8.06	318	275	2.89
18-01-2023	Rice	7.7	7.86	413	141	1.04
18-01-2023	Bread	1.41	7.71	402	122	0.26
19-01-2023	Apples	1.58	6.85	269	145	0.97
19-01-2023	Fish	4.82	8.27	405	192	1.44
20-01-2023	Milk	3.19	8.25	259	115	1.03
20-01-2023	Rice	9.43	8.06	309	122	1.41
21-01-2023	Chicken	6.25	6.85	364	203	0.29
21-01-2023	Potatoes	8.69	6.65	308	234	3.55
22-01-2023	Cheese	8.97	7.73	55	214	4.68
22-01-2023	Apples	4.78	7.98	295	144	2.55
22-01-2023	Yogurt	4.4	6.52	115	201	4.33
22-01-2023	Chicken	9.09	8.16	382	107	3
23-01-2023	Beef	6.42	7.52	135	235	3.46
24-01-2023	Wheat	9.3	7.28	453	299	3.46
24-01-2023	Tea	8.87	6.58	382	132	0.61
24-01-2023	Cheese	7.73	7.95	128	186	4.67
25-01-2023	Rice	8.1	7.64	241	269	0.44
25-01-2023	Beef	9.58	7.97	459	133	3.32
25-01-2023	Oranges	7.43	7.95	77	190	1.02
26-01-2023	Sugar	4.98	7.33	480	135	3.62
26-01-2023	Fish	3.4	8.22	206	154	3.88
26-01-2023	Pork	4.47	7.7	213	247	1.88
26-01-2023	Bananas	2.82	7.77	326	192	4.58
27-01-2023	Butter	4.32	6.95	430	295	0.55
27-01-2023	Yogurt	4.58	6.74	116	185	1.48
27-01-2023	Chicken	4.45	6.6	124	279	3.24
27-01-2023	Tea	3.21	7.57	441	238	3.68
28-01-2023	Tomatoes	7.98	7.1	94	122	3.85
28-01-2023	Tea	6.17	6.64	243	148	0.75
28-01-2023	Pork	1.97	6.88	56	270	2.55
28-01-2023	Fish	7.15	6.61	493	248	0.98
28-01-2023	Apples	5.63	8.16	131	267	4.01
30-01-2023	Yogurt	1.67	6.78	184	279	0.99
30-01-2023	Tomatoes	3.03	8.33	393	71	4.05
31-01-2023	Butter	8.05	7.86	272	233	4.91
31-01-2023	Eggs	6.96	7.77	489	208	1.21
31-01-2023	Pork	2.56	7.6	130	218	1.98
31-01-2023	Sugar	2.09	7.88	245	192	2.63
01-02-2023	Sugar	6.75	7.81	89	114	4.7
01-02-2023	Yogurt	2.05	7.26	162	242	2.17
02-02-2023	Bananas	2.19	7.93	395	186	1.16
02-02-2023	Sugar	6.25	7.4	264	108	2.89
02-02-2023	Eggs	0.85	6.52	350	154	0.69
02-02-2023	Pork	4.53	7.22	217	188	1.9
03-02-2023	Wheat	0.54	7.05	439	248	0.93
03-02-2023	Eggs	6.82	8.35	374	235	2.51
03-02-2023	Sugar	0.62	7.12	131	136	3.19
03-02-2023	Oranges	0.72	7.69	114	55	4.72
04-02-2023	Bananas	5.84	7.67	391	231	2.15
04-02-2023	Butter	8.45	6.73	355	168	1.69
05-02-2023	Apples	8.45	8.2	212	279	3.58
06-02-2023	Yogurt	6.42	8.02	388	242	2.65
07-02-2023	Coffee	9.71	7.75	256	112	0.27
07-02-2023	Bread	2.57	7.62	416	205	4.74
07-02-2023	Tea	6.07	7.24	243	218	2.98
08-02-2023	Milk	3.21	7.27	133	268	2.9
08-02-2023	Chicken	8.91	8.03	356	65	1.6
10-02-2023	Tomatoes	6.09	8.11	98	185	1.81
10-02-2023	Fish	1.3	7.31	479	171	2.66
10-02-2023	Tea	1.02	7.75	340	277	4.43
10-02-2023	Pork	3.44	8.39	420	108	2.65
11-02-2023	Tea	8.38	8.32	410	231	3.27
11-02-2023	Beef	9.62	7.43	171	83	4.55
11-02-2023	Bread	4.72	7.52	171	102	1.7
11-02-2023	Potatoes	9.51	6.85	115	81	3.39
12-02-2023	Bananas	5.81	7.47	207	197	1.79
12-02-2023	Butter	1.43	6.94	146	157	3.51
12-02-2023	Potatoes	5.47	7.32	307	269	2.55
13-02-2023	Oranges	7.67	7.33	451	192	2.46
13-02-2023	Oranges	2.61	7.65	77	184	4.02
13-02-2023	Oranges	5.96	7.53	444	175	2.44
13-02-2023	Tea	9.63	7.74	384	298	0.92
13-02-2023	Potatoes	7.61	8.36	253	228	1.61
13-02-2023	Cheese	1.69	7.51	343	295	3.97
14-02-2023	Sugar	7.58	6.54	256	155	0.28
14-02-2023	Butter	3.6	6.9	396	279	1.7
14-02-2023	Bananas	8.17	8.23	239	194	4.86
14-02-2023	Beef	5.7	7.45	500	288	1.32
14-02-2023	Apples	9.07	7.15	71	176	3.18
15-02-2023	Yogurt	5.06	6.69	155	93	3.23
15-02-2023	Tomatoes	6.16	7.54	204	51	1.57
15-02-2023	Coffee	4.43	7.32	284	293	4.28
15-02-2023	Sugar	1.08	7.35	76	127	0.64
16-02-2023	Potatoes	6.8	8.33	234	271	0.63
18-02-2023	Cheese	4.19	7.52	457	254	3.51
18-02-2023	Bread	1.63	6.58	192	192	1.39
18-02-2023	Fish	9.39	6.94	104	94	1.15
18-02-2023	Milk	7.76	7.84	130	180	4.47
18-02-2023	Eggs	2.16	7.09	440	254	2.31
19-02-2023	Eggs	9.29	7.63	101	251	1.5
19-02-2023	Coffee	8	7.05	91	260	3.92
20-02-2023	Bananas	3.93	8.2	448	259	0.78
21-02-2023	Potatoes	1.14	7.77	162	223	3.54
22-02-2023	Butter	8.46	7.1	94	62	0.63
22-02-2023	Beef	7.79	8.47	255	190	2.1
22-02-2023	Tomatoes	8.38	8.21	192	108	1.03
22-02-2023	Fish	8.68	8.1	146	219	2.43
22-02-2023	Sugar	3.75	7.36	406	200	3.67
23-02-2023	Butter	3.06	8.39	399	288	4.56
23-02-2023	Pork	2.57	8	426	216	0.14
23-02-2023	Sugar	2.87	8.47	350	146	0.39
23-02-2023	Bread	6.23	8.2	235	79	0.57
24-02-2023	Wheat	9.91	8.26	110	148	2.31
24-02-2023	Milk	6.13	8.18	343	82	3.22
24-02-2023	Eggs	1.35	6.53	260	76	2.53
24-02-2023	Yogurt	3.09	7.79	378	172	2.05
24-02-2023	Bread	1.52	7.35	187	294	2.93
24-02-2023	Apples	7.99	6.61	96	129	3.99
24-02-2023	Pork	9.61	8.32	61	221	0.51
25-02-2023	Sugar	1.98	6.76	491	205	4.19
25-02-2023	Potatoes	9.12	7.94	263	59	3.88
25-02-2023	Chicken	7.11	6.71	240	233	1.05
26-02-2023	Coffee	4.4	8.22	82	212	1.1
26-02-2023	Rice	8.67	7.13	181	73	0.66
26-02-2023	Coffee	0.69	7.99	327	204	4.6
26-02-2023	Milk	7.44	8.26	341	241	2.37
27-02-2023	Fish	7.27	7.78	191	265	1.86
27-02-2023	Tomatoes	6.66	7.56	187	155	1.02
27-02-2023	Coffee	4.22	8.48	116	187	2.15
27-02-2023	Tea	8.78	7.55	392	278	1.37
27-02-2023	Milk	1.6	7.27	103	83	4.58
28-02-2023	Chicken	6.58	7.55	260	111	4.7
28-02-2023	Cheese	9.48	7.95	367	255	4.85
01-03-2023	Potatoes	9.87	8.46	440	274	2.27
02-03-2023	Bread	8.29	7.7	221	93	4.8
02-03-2023	Chicken	3.26	7.87	461	207	4.76
02-03-2023	Wheat	8.26	7.84	346	115	2.03
02-03-2023	Beef	0.76	6.7	371	196	0.2
02-03-2023	Bread	5.98	8.16	145	147	0.17
03-03-2023	Oranges	2.2	7.69	353	211	4.2
03-03-2023	Milk	5.56	7.05	367	229	3.61
04-03-2023	Coffee	1.92	6.86	430	85	3.77
04-03-2023	Bananas	8.13	8.21	451	158	2.1
04-03-2023	Milk	4.4	8.18	388	220	3.33
04-03-2023	Oranges	2.61	6.87	289	278	1.55
05-03-2023	Potatoes	2.11	7.08	181	156	0.89
06-03-2023	Yogurt	8.95	6.81	101	134	1.11
06-03-2023	Sugar	3.55	7.16	192	62	2.58
06-03-2023	Oranges	2.35	6.66	342	256	0.22
06-03-2023	Yogurt	6.69	8.36	224	164	3.95
06-03-2023	Fish	6.56	7.47	386	294	0.98
06-03-2023	Bread	8.22	7.96	282	161	0.34
06-03-2023	Cheese	3.31	7.62	141	151	3.13
06-03-2023	Bread	9.03	7.24	328	77	2.15
06-03-2023	Milk	7.86	8.35	79	161	2.09
06-03-2023	Wheat	8.35	6.92	323	275	1.87
07-03-2023	Wheat	5.69	8.28	348	170	4.69
08-03-2023	Potatoes	5.86	6.8	406	220	0.57
08-03-2023	Coffee	7.03	6.56	187	179	1.15
09-03-2023	Apples	4.38	6.71	268	216	2.97
09-03-2023	Rice	7.33	7.37	282	261	3.4
09-03-2023	Eggs	0.99	6.98	355	200	1.26
09-03-2023	Wheat	7.49	6.89	459	179	1.48
10-03-2023	Apples	4.81	6.56	293	78	1.82
10-03-2023	Butter	1.47	8.07	489	87	1.95
10-03-2023	Chicken	9.92	6.5	140	58	0.75
11-03-2023	Rice	6.46	7.53	145	197	2.55
11-03-2023	Potatoes	3.51	7.19	90	192	3.9
11-03-2023	Beef	3.13	7.84	359	152	4.56
12-03-2023	Wheat	7.38	8.36	255	207	3.32
12-03-2023	Apples	9.96	7.02	466	117	0.97
12-03-2023	Bread	4.83	7.92	318	116	1.59
12-03-2023	Fish	1.5	8.26	422	278	1.98
12-03-2023	Beef	0.99	6.98	206	117	2.3
13-03-2023	Potatoes	7.8	7.14	113	96	2.92
13-03-2023	Cheese	1.15	7.93	437	229	4.3
13-03-2023	Bread	8.38	7.03	167	134	4.25
14-03-2023	Pork	0.53	6.63	335	206	1.12
14-03-2023	Fish	8.05	8.19	391	133	1.13
14-03-2023	Bread	1.43	8.1	279	267	1.65
16-03-2023	Pork	5.99	8.18	77	214	1.4
16-03-2023	Eggs	2.85	6.71	62	263	2.58
16-03-2023	Tomatoes	5.38	6.63	267	138	4.95
17-03-2023	Beef	2.21	6.52	141	218	2.88
17-03-2023	Yogurt	1.78	7.7	142	64	4.24
18-03-2023	Milk	7.37	6.73	448	199	4.7
18-03-2023	Yogurt	3.1	8.43	198	61	4.78
18-03-2023	Wheat	1.55	8.39	88	117	1.71
18-03-2023	Milk	5.89	8.27	173	280	1.49
18-03-2023	Bananas	0.64	7.17	279	289	0.61
18-03-2023	Beef	2.64	8	53	96	1.03
19-03-2023	Oranges	3	7.68	243	207	3.41
19-03-2023	Beef	3.52	8	142	138	4.05
19-03-2023	Eggs	7.26	7.41	288	234	4.41
20-03-2023	Cheese	6.61	7.31	170	70	2.35
20-03-2023	Potatoes	4.01	6.91	412	58	3.36
20-03-2023	Yogurt	4.62	7.36	423	287	3.7
20-03-2023	Oranges	9.99	7.06	485	155	4.91
20-03-2023	Tea	7.91	7.19	171	172	4.33
21-03-2023	Wheat	9.26	7.53	373	97	2.43
21-03-2023	Eggs	9.86	7.82	305	57	2.02
21-03-2023	Beef	2.1	6.55	417	208	1.92
22-03-2023	Wheat	5.39	8.32	236	277	0.35
22-03-2023	Pork	3.69	7.94	62	273	2.26
22-03-2023	Pork	7.12	7.05	453	195	2.14
23-03-2023	Yogurt	2.83	7.09	260	275	2.8
23-03-2023	Beef	8.24	7.66	393	113	0.75
23-03-2023	Potatoes	5.15	6.91	333	168	1.79
24-03-2023	Chicken	7.2	6.85	485	83	0.51
25-03-2023	Chicken	1.65	7.48	271	238	4.05
25-03-2023	Sugar	0.93	7.13	208	52	4.9
27-03-2023	Sugar	6.81	6.6	72	200	1.84
28-03-2023	Beef	2.29	7.74	143	187	1.17
28-03-2023	Potatoes	4.66	7	271	168	0.88
29-03-2023	Apples	2.88	7.99	443	224	4.24
29-03-2023	Fish	5.5	8.32	500	175	2.36
29-03-2023	Coffee	2.8	8.45	148	207	3.26
29-03-2023	Potatoes	5.74	6.68	147	237	4.17
30-03-2023	Oranges	7.14	8.16	421	192	4.99
30-03-2023	Chicken	2.93	8.07	390	85	4.61
31-03-2023	Apples	4.03	7.67	287	267	0.68
31-03-2023	Potatoes	2.05	7.43	109	279	4.64
31-03-2023	Butter	8.72	7.6	361	75	4.49
31-03-2023	Beef	5.32	6.66	151	117	0.81
31-03-2023	Fish	2.72	6.85	215	161	1
31-03-2023	Chicken	7.34	8.42	194	292	2.36
01-04-2023	Chicken	8.78	8.45	253	225	1.14
01-04-2023	Coffee	7.49	6.98	67	285	4.08
01-04-2023	Tomatoes	4.98	8.32	101	160	1.01
01-04-2023	Coffee	1.91	7.07	111	194	2.01
01-04-2023	Eggs	6.49	6.53	161	236	3.57
03-04-2023	Butter	1.49	7.49	219	240	0.48
03-04-2023	Oranges	3.44	6.99	195	163	3.17
03-04-2023	Fish	9.11	8.25	111	56	0.89
04-04-2023	Potatoes	2.36	6.67	484	164	3.42
04-04-2023	Beef	3.24	6.88	226	162	1.24
04-04-2023	Cheese	5.74	8.26	256	172	3
04-04-2023	Tomatoes	1.84	7.06	268	246	0.17
04-04-2023	Wheat	1.65	7.94	278	84	3.64
04-04-2023	Milk	8.2	7.97	50	256	4.66
04-04-2023	Apples	9.6	8.35	283	135	3.8
05-04-2023	Butter	5.27	7.28	142	56	1.66
05-04-2023	Butter	4.35	7.68	68	191	1.38
05-04-2023	Bananas	1.31	7.91	422	252	4.88
05-04-2023	Fish	6.77	7.97	155	227	0.48
05-04-2023	Yogurt	2.82	8.15	477	288	3.69
05-04-2023	Milk	0.88	8.29	219	75	0.29
05-04-2023	Apples	6.45	6.55	84	253	0.67
07-04-2023	Pork	3.54	6.66	99	92	4.86
07-04-2023	Apples	2.38	6.6	302	177	0.33
07-04-2023	Oranges	6.16	7.15	240	197	1.97
08-04-2023	Beef	4.3	6.67	180	223	2.18
08-04-2023	Bread	6.86	7.69	348	195	4.57
09-04-2023	Apples	1.04	7.87	259	182	2.72
09-04-2023	Coffee	4.39	8.36	392	291	3.39
09-04-2023	Sugar	7.33	6.93	412	279	4.11
09-04-2023	Beef	1.44	8.09	421	219	0.94
11-04-2023	Oranges	5.89	7.03	421	213	4.88
11-04-2023	Tea	8.21	7.19	422	300	1.92
12-04-2023	Apples	4.74	7.03	177	227	0.43
12-04-2023	Cheese	5.57	7.75	157	221	3.18
12-04-2023	Oranges	5.93	8.37	241	115	2.8
12-04-2023	Apples	3.31	7.39	453	165	3.53
12-04-2023	Bananas	9.1	7.39	159	97	1.67
13-04-2023	Tomatoes	7.79	7.5	102	232	2.73
13-04-2023	Beef	8.96	6.72	479	249	4.05
14-04-2023	Cheese	1.53	7.79	91	265	1.48
14-04-2023	Potatoes	9.67	6.73	281	136	0.7
15-04-2023	Butter	0.93	8.2	233	287	2.56
15-04-2023	Apples	6.53	8.46	412	165	1.44
15-04-2023	Bread	5.89	6.9	76	159	3.18
15-04-2023	Yogurt	8.02	6.77	79	69	1.63
16-04-2023	Apples	6.61	8.02	316	252	4.89
16-04-2023	Fish	2.41	6.82	466	185	4.06
17-04-2023	Butter	1.4	7.17	84	195	4.03
17-04-2023	Oranges	4.56	6.67	203	202	2.73
17-04-2023	Cheese	7.28	8.08	113	242	3.79
17-04-2023	Milk	5.15	7.35	71	189	0.16
18-04-2023	Milk	5.77	6.86	210	140	1.17
18-04-2023	Tea	7.49	7.79	493	92	3.57
19-04-2023	Apples	2.14	7.11	431	258	0.68
19-04-2023	Tea	1.92	7.96	95	254	3.16
19-04-2023	Apples	3.75	7.42	356	134	0.18
19-04-2023	Milk	6.98	6.63	418	120	2.89
19-04-2023	Cheese	9.81	7.67	491	51	4.86
19-04-2023	Milk	4.97	7.98	432	66	3.88
20-04-2023	Wheat	8.49	8.14	264	297	2.72
20-04-2023	Potatoes	2.56	6.55	56	105	4.16
21-04-2023	Sugar	2.45	8.07	227	213	1.51
22-04-2023	Milk	6.46	8.07	228	157	0.12
22-04-2023	Bread	9.81	7.14	289	176	2.78
22-04-2023	Tea	8.77	7.05	172	144	3.91
23-04-2023	Beef	3.11	7.39	126	58	3.11
23-04-2023	Butter	0.81	7.7	464	297	3.1
23-04-2023	Eggs	7.22	7.01	359	177	0.11
23-04-2023	Fish	4.52	8.3	453	162	3.62
23-04-2023	Eggs	2.96	8.08	454	198	2.18
24-04-2023	Apples	0.64	8.09	349	80	2.04
24-04-2023	Tomatoes	7.03	8.18	165	191	2.1
24-04-2023	Yogurt	5.12	7.9	293	79	1.46
24-04-2023	Eggs	7.53	7.85	428	233	0.36
24-04-2023	Chicken	7.85	7.47	462	271	2.5
24-04-2023	Chicken	0.53	7.66	114	266	4.36
25-04-2023	Sugar	8.06	7.33	299	295	3.17
25-04-2023	Tea	6.8	8.22	124	102	2.01
25-04-2023	Bananas	4.56	7.49	332	214	1.32
26-04-2023	Bread	5.57	7.13	299	126	1.33
26-04-2023	Eggs	3.71	7.86	475	188	4.27
26-04-2023	Coffee	9.03	7.25	200	209	0.25
26-04-2023	Beef	3.67	6.52	132	212	1.8
28-04-2023	Apples	0.75	7.86	398	81	2.03
28-04-2023	Eggs	5.11	8.19	267	245	2.85
30-04-2023	Tea	4.86	6.84	225	106	4.44
30-04-2023	Bananas	9.75	7.91	99	134	2.1
30-04-2023	Sugar	3.01	7.07	355	80	4.81
30-04-2023	Rice	6.69	8.48	95	156	3.44
01-05-2023	Butter	6.86	6.8	96	249	2.61
01-05-2023	Coffee	8.74	8.49	491	148	0.44
02-05-2023	Beef	8.89	6.97	198	300	1.05
02-05-2023	Tea	6.43	6.98	426	246	4.77
02-05-2023	Fish	1.28	6.84	382	285	2.89
03-05-2023	Coffee	1.65	8.23	360	100	2.93
03-05-2023	Tomatoes	7.82	7.9	320	262	0.3
03-05-2023	Tea	9.19	6.83	394	176	0.66
03-05-2023	Eggs	1.31	6.82	87	89	2.13
04-05-2023	Fish	2.53	7.5	213	246	2.7
05-05-2023	Bread	6.76	6.59	116	95	4.38
05-05-2023	Pork	7.76	7.69	221	66	0.69
05-05-2023	Tea	4.12	7.99	488	99	2.04
05-05-2023	Pork	7.16	7.6	99	83	1.68
05-05-2023	Bread	5.39	6.81	113	283	2.49
06-05-2023	Fish	1.96	7.85	251	298	2.28
07-05-2023	Chicken	3.33	8.27	457	271	3.67
07-05-2023	Eggs	5.94	6.75	210	294	1.96
07-05-2023	Bananas	8.13	7.03	239	143	4.51
07-05-2023	Eggs	5.67	7.71	151	111	3.01
07-05-2023	Potatoes	1.39	7.6	343	146	1.79
07-05-2023	Yogurt	2.69	8.16	283	167	1.84
08-05-2023	Pork	5.25	8.23	245	185	1.56
08-05-2023	Rice	7.94	7.16	290	58	3.7
09-05-2023	Bananas	6.82	7.26	79	299	1.84
09-05-2023	Bananas	2.28	8.24	345	153	2.32
11-05-2023	Pork	5.91	8.39	142	215	1.48
11-05-2023	Tomatoes	7.92	8.25	166	55	4.66
11-05-2023	Pork	5.2	7.97	232	279	4.58
12-05-2023	Wheat	8.39	8.47	116	100	4.14
12-05-2023	Beef	1.67	7.92	455	59	1.94
13-05-2023	Potatoes	6.72	6.52	494	223	2.67
13-05-2023	Bread	7.76	8.32	463	227	3.45
13-05-2023	Apples	1.76	7.19	183	191	1.05
14-05-2023	Butter	7.25	8.3	208	102	4.71
14-05-2023	Chicken	8.62	6.87	264	136	3.53
15-05-2023	Yogurt	3.17	7.61	311	149	0.88
15-05-2023	Tomatoes	9.6	8.32	92	257	3.5
16-05-2023	Tea	1.75	7.09	414	149	4.8
16-05-2023	Potatoes	2.59	7.02	293	293	4.5
16-05-2023	Potatoes	5.83	7.78	153	69	3
17-05-2023	Rice	9.73	7.27	397	133	0.85
17-05-2023	Pork	8.26	6.94	187	102	2.95
17-05-2023	Tomatoes	4.31	8.21	398	83	2.26
17-05-2023	Chicken	4.35	7.63	170	155	0.83
17-05-2023	Tea	7.54	7.5	312	93	4.58
17-05-2023	Rice	5.18	7.91	328	234	3.22
17-05-2023	Apples	0.74	8.37	53	275	0.29
18-05-2023	Yogurt	5.48	7.37	401	84	1.78
18-05-2023	Rice	0.85	6.61	453	234	0.31
18-05-2023	Eggs	5.22	8.1	162	66	4.04
18-05-2023	Eggs	2.22	7.7	142	51	2.82
19-05-2023	Wheat	7.06	8.08	172	114	2.81
19-05-2023	Milk	9.16	7.27	155	109	1.53
19-05-2023	Tea	6.73	7.38	121	140	3.76
19-05-2023	Chicken	7.56	7.3	78	106	2.02
19-05-2023	Tomatoes	8.37	8.29	258	277	3.35
20-05-2023	Bananas	3.92	7.61	464	115	1.79
20-05-2023	Eggs	6.15	7.1	424	256	2.92
20-05-2023	Coffee	3.57	8.35	95	78	3.39
20-05-2023	Sugar	8.39	7.92	59	290	3.7
21-05-2023	Coffee	6.49	6.69	312	137	4.87
21-05-2023	Potatoes	6.67	7.24	84	276	1.17
21-05-2023	Cheese	7.5	7.56	258	61	1.14
21-05-2023	Wheat	7.26	7.61	158	92	0.81
22-05-2023	Milk	0.65	6.56	57	136	4.12
22-05-2023	Pork	0.97	6.66	214	210	2.69
23-05-2023	Wheat	9.54	7.88	167	219	4.22
24-05-2023	Tomatoes	7.06	6.67	297	83	0.95
24-05-2023	Pork	3.42	6.63	369	282	1.65
24-05-2023	Cheese	1.31	8.28	124	247	3.24
24-05-2023	Tea	2.18	6.86	229	172	2.37
25-05-2023	Wheat	1.8	8.11	267	220	2.41
25-05-2023	Tea	7.67	8.41	335	201	2.72
25-05-2023	Pork	4.58	7.6	200	191	0.79
26-05-2023	Bananas	8.19	7.67	441	278	3.16
26-05-2023	Bread	4.6	8.39	62	227	1.11
26-05-2023	Bananas	4.92	8.32	125	164	3.17
27-05-2023	Potatoes	5.79	8.13	403	55	0.79
28-05-2023	Cheese	3.56	7.13	482	225	4.02
28-05-2023	Cheese	1.29	7.09	240	148	4
28-05-2023	Chicken	4.5	6.62	491	119	4.9
29-05-2023	Apples	8.11	7.73	400	230	0.36
29-05-2023	Tomatoes	3.81	6.71	305	219	1.91
29-05-2023	Beef	4.16	7.37	477	80	0.53
30-05-2023	Bread	7.51	6.97	275	298	2.58
31-05-2023	Cheese	8.68	7.92	333	211	1.16
31-05-2023	Cheese	5.32	7.43	370	218	1.12
31-05-2023	Chicken	3.9	6.61	234	157	3.22
31-05-2023	Oranges	5.79	7.24	480	156	4.22
01-06-2023	Cheese	9.01	7.42	466	155	4.65
01-06-2023	Sugar	0.69	7.4	174	101	1.54
01-06-2023	Rice	2.57	7.25	91	274	3.65
01-06-2023	Tomatoes	1	7.84	185	216	2.77
02-06-2023	Yogurt	9.83	7.24	149	137	2.24
02-06-2023	Potatoes	4.74	6.6	284	228	4.96
03-06-2023	Coffee	9.59	8.04	434	234	1.81
03-06-2023	Butter	1.05	7.99	333	287	2.51
03-06-2023	Bananas	4.29	8.35	372	216	2.26
04-06-2023	Rice	2.36	7.22	149	51	2.97
05-06-2023	Wheat	5.69	8.41	423	50	4.34
06-06-2023	Oranges	9.15	6.87	341	74	2.03
07-06-2023	Beef	2.87	7.93	443	262	3.28
07-06-2023	Eggs	2.47	8.18	436	93	0.23
07-06-2023	Milk	6.63	6.78	146	61	1.14
07-06-2023	Milk	2.36	6.58	281	76	1.31
08-06-2023	Beef	7.45	7.59	97	136	3.01
08-06-2023	Pork	5.26	7.42	414	55	0.29
08-06-2023	Chicken	3.36	7.12	53	256	2.48
09-06-2023	Butter	0.77	7.52	203	276	3.02
09-06-2023	Apples	3.33	6.57	107	141	3.69
10-06-2023	Tomatoes	8.96	7.62	385	221	2.34
10-06-2023	Butter	3.43	7.32	498	286	3.67
11-06-2023	Pork	0.74	8.49	172	175	2
11-06-2023	Chicken	5.21	7.22	197	192	3.64
11-06-2023	Bananas	1.14	6.59	296	196	1.62
11-06-2023	Fish	4.27	7.11	355	294	0.95
11-06-2023	Milk	1.41	6.84	492	291	2.5
12-06-2023	Rice	5.52	7.93	194	93	4.52
12-06-2023	Tea	2.1	7.39	109	173	3.35
12-06-2023	Tea	5.43	7.51	341	162	1.81
12-06-2023	Oranges	6.33	8.34	352	118	3.88
13-06-2023	Pork	8.69	7.12	411	280	2.67
13-06-2023	Sugar	4	7.13	418	146	2.8
14-06-2023	Wheat	3.64	8.19	124	64	1.41
14-06-2023	Potatoes	8.65	6.53	107	204	0.96
14-06-2023	Sugar	6.78	8.45	214	247	3.68
15-06-2023	Apples	3.95	6.61	164	266	2.33
15-06-2023	Oranges	7.14	8.33	392	146	4.17
16-06-2023	Milk	8.77	7.9	428	130	4.79
17-06-2023	Apples	5.19	7.46	261	204	3.99
17-06-2023	Cheese	9.9	8.37	494	63	1.37
17-06-2023	Chicken	4.3	7.15	194	259	3.41
18-06-2023	Potatoes	1.36	8.05	182	105	2.39
19-06-2023	Wheat	1.42	7.54	53	146	3.05
19-06-2023	Bananas	8.09	7.5	191	293	2.2
20-06-2023	Tea	3.42	7.32	129	127	0.15
20-06-2023	Tea	2.83	7.71	173	253	0.97
20-06-2023	Bananas	4.03	7.35	138	292	1.31
20-06-2023	Yogurt	8.65	6.63	242	205	4.72
21-06-2023	Milk	5.28	7.18	109	255	2.62
21-06-2023	Rice	7.11	6.88	63	103	2.46
21-06-2023	Rice	6.14	8.44	348	50	2.49
22-06-2023	Eggs	1.63	7.22	329	101	1.74
22-06-2023	Chicken	0.74	6.75	321	121	4.76
23-06-2023	Bananas	2.6	6.93	219	134	1.87
23-06-2023	Tea	3.74	6.67	483	98	2.2
23-06-2023	Potatoes	3.17	6.82	81	66	2.52
23-06-2023	Oranges	1.99	8.12	275	286	1.35
23-06-2023	Cheese	0.94	7.45	292	220	0.56
23-06-2023	Cheese	0.64	7.45	314	151	2.46
24-06-2023	Cheese	9.6	8.2	240	208	1.65
24-06-2023	Eggs	4.35	6.88	179	226	0.73
24-06-2023	Pork	7.09	7.94	499	145	3.37
24-06-2023	Potatoes	1.4	8.36	329	291	4.87
25-06-2023	Oranges	4.52	8.14	55	126	1.38
25-06-2023	Tea	0.61	7.62	102	148	0.8
26-06-2023	Cheese	0.68	7.65	219	254	4.59
26-06-2023	Pork	8.18	7.52	449	239	2.59
26-06-2023	Tea	1.42	6.58	500	147	2.42
26-06-2023	Sugar	7.37	7.87	339	74	2.23
27-06-2023	Apples	1.99	8.03	452	93	4.28
27-06-2023	Apples	1.19	6.91	155	196	3.24
27-06-2023	Beef	0.88	7.7	268	78	3.47
27-06-2023	Potatoes	4.35	6.8	87	183	3.29
28-06-2023	Butter	0.95	6.7	133	65	1.16
29-06-2023	Coffee	3.94	7.2	308	69	4.58
30-06-2023	Cheese	2.72	7.87	249	171	1.39
30-06-2023	Oranges	6.94	8.44	405	84	1.73
30-06-2023	Apples	1.39	7.24	179	178	4.62
30-06-2023	Butter	4.96	6.54	311	275	0.57
30-06-2023	Coffee	2.68	8.13	186	232	2.65
30-06-2023	Chicken	6.01	7.62	315	112	0.74
01-07-2023	Wheat	5.33	7.71	87	111	2.74
01-07-2023	Pork	0.53	8.47	79	138	3.6
02-07-2023	Chicken	7.66	7.56	453	108	0.78
02-07-2023	Fish	8.75	6.94	321	205	3.93
03-07-2023	Pork	4.79	6.97	161	128	2.18
03-07-2023	Fish	6.05	8.04	322	167	3.3
03-07-2023	Tomatoes	8.43	7.25	329	113	3.63
04-07-2023	Eggs	5.17	8.48	164	76	4.79
04-07-2023	Sugar	5.43	6.72	75	215	1.32
04-07-2023	Milk	3.74	7.86	422	214	2.69
04-07-2023	Bananas	5.43	7	286	103	4.69
04-07-2023	Bread	6.02	7.75	248	241	1.38
04-07-2023	Wheat	7.27	7.22	111	248	4.89
04-07-2023	Oranges	5.73	7.95	318	169	4.81
04-07-2023	Fish	6.59	6.67	311	243	0.33
05-07-2023	Chicken	5.64	8.41	267	269	1.09
05-07-2023	Rice	9.37	7.4	244	249	0.48
06-07-2023	Beef	3.29	7.44	429	116	3.65
06-07-2023	Tea	8.53	7.06	228	204	2.92
06-07-2023	Tomatoes	7.97	7.66	241	82	3.14
07-07-2023	Eggs	1.62	6.96	357	188	1.72
07-07-2023	Chicken	3.45	7.26	196	95	1.47
07-07-2023	Yogurt	5.87	7.21	244	170	3.16
08-07-2023	Sugar	0.78	7.87	138	140	1.15
08-07-2023	Potatoes	6.73	8.4	383	126	1.02
08-07-2023	Tomatoes	7.4	7.54	380	221	3.37
08-07-2023	Pork	2.38	8.07	422	105	4.64
09-07-2023	Milk	2.6	8.26	458	263	4.17
09-07-2023	Eggs	8.42	7.25	277	272	3.75
09-07-2023	Rice	7.18	7.46	424	227	0.85
09-07-2023	Beef	3.24	7.44	266	279	0.92
09-07-2023	Coffee	1.26	7.79	295	55	0.59
09-07-2023	Chicken	7.15	7.69	343	242	2.78
09-07-2023	Butter	4.26	7.74	275	129	4.66
09-07-2023	Butter	9.88	7.03	247	81	4.67
10-07-2023	Eggs	2.22	8.1	486	63	4.27
10-07-2023	Eggs	7	6.51	51	194	0.39
10-07-2023	Cheese	2.17	7.99	486	145	1.41
11-07-2023	Milk	4.2	8.31	155	83	4.37
11-07-2023	Milk	4.85	7.92	435	112	3.81
12-07-2023	Sugar	6.32	7.29	406	166	2.52
12-07-2023	Yogurt	5.37	7.76	381	71	1.49
13-07-2023	Bananas	3.17	7.2	264	113	1.67
13-07-2023	Bananas	6.34	6.75	102	220	1.92
14-07-2023	Beef	9.2	7.76	500	257	3.86
14-07-2023	Potatoes	6.71	7.97	148	64	3.1
14-07-2023	Bread	2.91	6.53	109	72	1.98
15-07-2023	Bananas	5.83	7.69	194	126	3.45
15-07-2023	Sugar	7.41	8.4	440	189	3.6
15-07-2023	Bananas	6.01	6.99	372	154	1.45
16-07-2023	Potatoes	2.85	7.45	224	263	0.37
16-07-2023	Coffee	0.67	6.9	492	63	1.96
16-07-2023	Cheese	2.06	7.82	240	235	2.8
17-07-2023	Cheese	2.5	7.24	467	251	0.8
17-07-2023	Rice	3.59	7	341	210	2.41
18-07-2023	Cheese	2.21	6.54	452	102	1.3
18-07-2023	Apples	8.01	7.48	344	135	3.21
18-07-2023	Eggs	4.82	8	173	204	4.92
18-07-2023	Coffee	9.33	8.33	361	196	1.23
19-07-2023	Bread	5.23	8.24	128	215	1.88
19-07-2023	Eggs	0.59	7.03	53	220	2.95
21-07-2023	Yogurt	5.87	6.63	115	240	0.42
21-07-2023	Yogurt	9.8	7.04	298	81	0.57
21-07-2023	Cheese	4.69	6.77	427	104	1.17
22-07-2023	Wheat	5.68	8.4	124	213	1.15
22-07-2023	Chicken	8.99	7.22	258	195	2.78
22-07-2023	Fish	3.51	7.11	419	73	3.23
22-07-2023	Wheat	2.42	7.06	204	110	4.62
24-07-2023	Yogurt	7.77	6.52	304	268	2.54
24-07-2023	Tomatoes	3.25	6.7	351	176	1.9
25-07-2023	Yogurt	8.55	7.02	344	209	1.83
25-07-2023	Pork	2.96	8.3	259	162	3.17
25-07-2023	Cheese	9.05	7.43	93	96	3.69
25-07-2023	Butter	7.5	8.2	432	281	4.02
26-07-2023	Tea	7.41	6.97	127	53	2.52
26-07-2023	Sugar	2.21	6.6	313	216	1.76
26-07-2023	Oranges	3	6.9	223	256	1.27
27-07-2023	Oranges	7.39	7.98	114	183	4.96
27-07-2023	Apples	6.5	7.15	129	220	3.44
28-07-2023	Milk	2.23	7.08	376	166	3.13
28-07-2023	Oranges	5.13	6.72	395	175	3.33
28-07-2023	Fish	8.65	7.28	251	287	4.89
28-07-2023	Pork	2.42	6.83	188	109	4.69
28-07-2023	Milk	1.14	7.41	110	158	4.73
29-07-2023	Wheat	3.79	6.64	263	203	3.72
29-07-2023	Fish	7.9	8.23	54	235	0.17
30-07-2023	Oranges	0.85	7.57	320	60	1.75
30-07-2023	Tea	1.01	7.64	152	61	0.26
31-07-2023	Bread	1.48	8.14	457	77	1.7
31-07-2023	Rice	6.56	7.66	102	78	2.35
31-07-2023	Pork	3.93	7.3	361	72	4.11
31-07-2023	Chicken	9.41	8.26	269	61	2.58
01-08-2023	Eggs	8.02	7.85	184	183	3.64
01-08-2023	Wheat	2.47	7.7	238	265	1.56
02-08-2023	Tomatoes	8.9	6.83	270	84	1.63
02-08-2023	Cheese	7.27	6.75	227	128	2.32
02-08-2023	Rice	3.75	8.46	72	285	1.35
03-08-2023	Bananas	3.4	7.25	200	174	0.24
04-08-2023	Pork	8.23	7.68	451	300	2.23
04-08-2023	Pork	3.34	7.28	104	211	3.48
04-08-2023	Potatoes	1.89	8.1	190	52	0.58
04-08-2023	Yogurt	7.63	6.55	441	119	1.11
04-08-2023	Tomatoes	0.61	8.22	491	229	3.96
05-08-2023	Wheat	8.77	6.8	152	137	2.11
05-08-2023	Wheat	0.59	6.78	381	93	1.71
05-08-2023	Fish	2.85	7.37	163	278	4.64
05-08-2023	Milk	1.85	7.05	91	126	4.38
05-08-2023	Tomatoes	4.17	8.14	67	116	4.8
05-08-2023	Tea	6.06	6.86	60	298	2.51
06-08-2023	Coffee	7.14	7.25	437	53	0.89
07-08-2023	Beef	6.25	6.7	262	291	4.97
07-08-2023	Tomatoes	8.44	7.55	135	243	0.82
07-08-2023	Milk	3.71	7.77	204	158	2.06
07-08-2023	Cheese	7.67	8.33	90	257	3.59
07-08-2023	Oranges	7.65	6.58	499	157	0.56
07-08-2023	Oranges	3.27	8.46	249	90	1.84
08-08-2023	Yogurt	3.72	8.44	438	210	0.39
08-08-2023	Wheat	5.17	8.37	224	161	0.98
08-08-2023	Tomatoes	2.42	7.25	378	59	1.27
08-08-2023	Wheat	9.39	8.28	484	174	0.38
09-08-2023	Butter	1.9	6.83	142	182	4.8
09-08-2023	Eggs	2.59	6.61	68	197	1.4
09-08-2023	Cheese	1.15	6.9	68	103	1.22
10-08-2023	Cheese	7.09	8.36	452	141	1.19
10-08-2023	Cheese	2.16	8.06	231	133	3.4
10-08-2023	Cheese	8.77	8.44	134	162	3.78
10-08-2023	Apples	2.79	7.69	125	187	2.34
10-08-2023	Butter	1.41	7.57	117	246	0.45
12-08-2023	Coffee	3.04	7.07	132	115	3.47
13-08-2023	Tea	3.05	7.78	464	207	4.28
14-08-2023	Butter	1.43	6.77	294	246	1.24
14-08-2023	Sugar	9.9	6.9	419	89	0.31
14-08-2023	Oranges	5.84	7.28	360	119	1.11
14-08-2023	Bread	1.9	7.03	138	163	0.32
14-08-2023	Potatoes	9.2	6.71	333	138	3.44
14-08-2023	Apples	9.44	7.61	214	118	3.4
15-08-2023	Potatoes	5.01	6.81	405	225	3.19
15-08-2023	Yogurt	8.69	6.87	184	110	1.42
15-08-2023	Bread	3.62	6.88	102	53	3.02
15-08-2023	Eggs	6.81	7.87	374	245	3.22
15-08-2023	Yogurt	7.85	8.48	477	96	0.24
15-08-2023	Tea	7.27	7.16	74	258	4.36
16-08-2023	Tomatoes	0.85	7.3	312	201	3.65
17-08-2023	Tomatoes	7.87	6.79	496	75	4.13
17-08-2023	Beef	8.04	8.41	299	160	4.43
17-08-2023	Milk	5.48	8.16	408	268	2.43
18-08-2023	Apples	1.07	6.8	410	284	0.79
18-08-2023	Chicken	6.32	7.15	378	132	0.64
18-08-2023	Oranges	0.64	8.39	225	107	1.62
19-08-2023	Butter	8.98	8.47	123	130	4.33
19-08-2023	Tomatoes	4.58	6.94	258	193	1.46
19-08-2023	Chicken	6.05	7.02	419	180	3.75
19-08-2023	Apples	4.95	8.24	116	245	4.66
19-08-2023	Tomatoes	8.57	7.04	70	268	0.24
20-08-2023	Oranges	1.03	6.74	257	173	4.92
21-08-2023	Butter	9.33	6.71	215	89	0.24
22-08-2023	Apples	2.24	7.3	283	119	4.19
22-08-2023	Rice	7.03	7.48	436	172	1.57
23-08-2023	Bananas	4.56	7.34	260	168	0.24
23-08-2023	Rice	2.03	6.76	309	148	3.46
24-08-2023	Fish	3.51	7.62	380	243	1.8
24-08-2023	Eggs	1.45	8.11	221	165	2.5
24-08-2023	Bread	1.66	8.01	111	290	2.5
24-08-2023	Pork	8.26	7.48	357	52	3.17
24-08-2023	Rice	4.59	8.42	460	255	1.44
25-08-2023	Coffee	2.42	8.15	125	263	3.02
26-08-2023	Fish	0.97	7.45	187	279	1.92
27-08-2023	Coffee	3.7	8.17	427	223	2.07
27-08-2023	Chicken	2.35	7.12	493	200	1.65
28-08-2023	Chicken	1.96	8.41	219	195	3.19
28-08-2023	Apples	8.77	7.73	129	199	3.17
28-08-2023	Milk	9.27	6.93	337	173	4.06
28-08-2023	Bread	4.73	7.65	267	55	3.15
28-08-2023	Milk	4.96	7.26	361	60	4.32
29-08-2023	Bread	6.52	7.05	429	117	2.94
29-08-2023	Milk	3.79	7.97	385	270	2.08
30-08-2023	Tea	1.58	8.02	163	50	1.77
30-08-2023	Tomatoes	8.18	7.75	196	174	0.5
30-08-2023	Beef	0.9	7.72	306	59	4.06
31-08-2023	Eggs	8.33	7.9	309	66	1.82
31-08-2023	Rice	8.36	7.1	220	278	2.64
31-08-2023	Tea	9.62	7.79	139	66	2.34
01-09-2023	Butter	7.47	7.08	287	178	2.6
01-09-2023	Beef	4.43	8.29	410	175	3.84
01-09-2023	Yogurt	7.73	7.49	217	149	0.57
02-09-2023	Rice	9.53	6.54	244	73	3.92
02-09-2023	Fish	4	7.89	65	219	4.48
02-09-2023	Bananas	3.34	6.67	96	230	4.22
02-09-2023	Beef	1.84	8.39	221	181	2.98
03-09-2023	Potatoes	6.61	8.28	157	73	1.77
03-09-2023	Beef	3.98	8.27	468	157	2.43
04-09-2023	Tea	6.31	8.17	82	259	4.11
05-09-2023	Butter	3.95	6.68	141	231	3.88
05-09-2023	Cheese	0.98	6.66	180	165	0.83
05-09-2023	Coffee	8.03	7.4	276	121	1.56
05-09-2023	Sugar	7.39	7.43	430	275	2.52
06-09-2023	Yogurt	9.78	7.78	101	147	2.61
07-09-2023	Beef	5.44	6.96	97	208	0.36
08-09-2023	Wheat	7.05	8.31	287	262	3.27
08-09-2023	Rice	3.61	7.88	333	157	2.88
08-09-2023	Coffee	2.89	8.11	350	101	3.18
09-09-2023	Bread	4.93	7.22	438	61	4.43
10-09-2023	Yogurt	1.5	6.95	144	236	3.33
11-09-2023	Cheese	8.86	8.26	185	148	3.31
11-09-2023	Beef	9.53	7.01	384	240	4.43
11-09-2023	Bread	3.41	7.81	467	152	2.15
12-09-2023	Apples	0.77	7.06	327	77	0.42
14-09-2023	Yogurt	6.2	6.51	317	239	1.35
14-09-2023	Sugar	9.97	7.76	301	94	2.42
14-09-2023	Chicken	1.3	8.18	142	107	3.18
14-09-2023	Beef	6.57	7.35	125	236	0.64
15-09-2023	Eggs	7.4	7.67	394	88	1.11
15-09-2023	Cheese	3.52	7.55	254	214	1.01
16-09-2023	Tea	1.9	6.8	400	245	1.57
16-09-2023	Rice	9.55	7.87	188	114	3.21
17-09-2023	Apples	8.86	7.33	260	127	2.27
17-09-2023	Eggs	7.48	7.09	149	232	0.8
17-09-2023	Yogurt	2.39	7.51	138	212	3.76
17-09-2023	Bananas	9.69	7.37	338	170	4.96
18-09-2023	Bananas	6.98	7.19	211	259	1.27
18-09-2023	Pork	7.88	7.3	126	111	2.98
19-09-2023	Bananas	1.76	8.28	71	198	0.98
19-09-2023	Fish	0.95	8.34	322	164	1.65
19-09-2023	Cheese	7.46	8.2	320	254	0.35
19-09-2023	Eggs	8.17	7.12	199	77	1.81
19-09-2023	Chicken	9.78	8.08	472	227	2.04
20-09-2023	Bread	9.9	8.4	493	151	1.22
20-09-2023	Chicken	1.36	8.49	143	246	1.99
20-09-2023	Milk	2.8	7.73	274	239	0.8
20-09-2023	Cheese	9.24	7.85	416	148	0.7
21-09-2023	Pork	0.61	6.9	194	115	3.97
21-09-2023	Sugar	7.47	7.51	267	185	2.03
21-09-2023	Chicken	9.97	8.34	282	287	3.33
23-09-2023	Tea	7.47	6.54	243	141	3.65
23-09-2023	Wheat	1.38	8.3	225	296	3.79
24-09-2023	Rice	7.91	8.05	403	56	4.33
26-09-2023	Beef	0.87	7.49	156	226	4.67
26-09-2023	Coffee	4.46	8.24	495	247	1.21
26-09-2023	Cheese	1.99	7.39	210	77	4.69
27-09-2023	Milk	8.19	7.69	398	53	0.12
28-09-2023	Potatoes	8.74	7.7	490	191	0.89
28-09-2023	Rice	7.67	8.06	358	102	2.98
28-09-2023	Beef	8.66	7.03	297	251	0.42
28-09-2023	Bread	3.1	7.28	320	201	3.1
28-09-2023	Beef	3.52	6.96	458	282	3.19
29-09-2023	Wheat	8.61	7.15	482	154	1.44
29-09-2023	Fish	7.23	7.72	466	259	1.32
29-09-2023	Tomatoes	8.3	8.07	242	236	0.31
30-09-2023	Rice	7.79	6.97	397	262	1.78
30-09-2023	Butter	6.66	6.79	498	77	3.75
30-09-2023	Oranges	6.18	7.59	201	74	1.17
01-10-2023	Bananas	9.9	7.01	299	114	1.89
02-10-2023	Potatoes	5.41	7.37	134	130	3.71
02-10-2023	Fish	1.64	7.3	190	99	4.65
03-10-2023	Apples	9.64	7.87	71	74	4.6
03-10-2023	Beef	3.24	8.41	105	92	1.45
03-10-2023	Fish	7.75	6.69	115	131	3.84
04-10-2023	Bananas	2.69	7.13	109	227	1.28
05-10-2023	Coffee	9.76	7.7	404	114	2.59
06-10-2023	Eggs	2.38	7.66	219	141	0.73
07-10-2023	Wheat	6.95	8.45	305	131	1.82
07-10-2023	Eggs	3.06	8.07	323	81	3.92
08-10-2023	Potatoes	7.68	8.1	254	141	2.43
08-10-2023	Yogurt	1.2	7.98	77	166	2.1
09-10-2023	Yogurt	7.34	7.95	214	144	0.29
10-10-2023	Potatoes	7.01	7.88	99	186	2.94
11-10-2023	Potatoes	8.62	7.35	237	206	1.45
11-10-2023	Fish	3.46	8.14	200	59	4.31
11-10-2023	Bread	5.22	8.19	478	263	0.73
12-10-2023	Bread	6.08	8.03	219	197	3.88
12-10-2023	Butter	1.44	7.54	389	217	1.67
12-10-2023	Cheese	3.61	8.39	181	294	3.44
12-10-2023	Beef	8.7	7.54	496	199	4.75
13-10-2023	Bread	6.88	6.65	402	130	4.47
13-10-2023	Bananas	4.07	6.88	279	69	4.47
14-10-2023	Potatoes	8.2	7.68	437	57	1.77
14-10-2023	Wheat	2.69	7	73	237	0.45
14-10-2023	Beef	9.38	7.29	353	150	1.06
15-10-2023	Tea	2.21	6.86	251	61	0.51
16-10-2023	Cheese	9.25	6.66	245	56	3.74
16-10-2023	Sugar	2.53	6.84	333	212	3.17
17-10-2023	Butter	6.89	7.93	316	238	1.31
17-10-2023	Beef	4.27	6.8	53	284	3.18
17-10-2023	Oranges	9.99	7.86	190	251	4.52
19-10-2023	Yogurt	9.71	7.78	499	234	3.67
19-10-2023	Wheat	9.93	6.75	339	91	1.05
19-10-2023	Sugar	6.66	8.24	296	94	2.47
20-10-2023	Bananas	5.39	7.52	299	61	1.55
20-10-2023	Tomatoes	2.5	7.98	421	138	1.14
20-10-2023	Tomatoes	2.11	7.2	470	255	2.27
20-10-2023	Bread	7.1	7.93	303	171	1.41
20-10-2023	Tomatoes	5.22	6.65	357	57	2.14
21-10-2023	Fish	8.43	7.45	196	179	0.94
21-10-2023	Pork	4.81	7.03	275	80	3.75
21-10-2023	Butter	2.27	6.89	387	189	1.93
22-10-2023	Chicken	2.03	6.73	212	197	0.72
22-10-2023	Sugar	3.74	7.63	318	198	2.59
23-10-2023	Wheat	0.55	7.69	325	190	4.74
23-10-2023	Chicken	4.59	8.32	444	87	3.32
23-10-2023	Chicken	0.62	7.54	240	249	2.48
24-10-2023	Sugar	1.96	7.22	268	72	1.54
24-10-2023	Potatoes	4.01	6.6	245	237	4.65
24-10-2023	Tomatoes	2.63	6.71	424	204	4.8
24-10-2023	Fish	8.24	7.37	189	134	4.71
25-10-2023	Bananas	0.96	7.08	377	289	0.48
25-10-2023	Chicken	6.19	7.74	182	275	4.62
26-10-2023	Cheese	9.99	7.39	230	281	1.64
26-10-2023	Eggs	2.67	8.17	144	71	3.84
28-10-2023	Chicken	8.64	6.78	166	128	0.71
28-10-2023	Wheat	7.54	6.99	470	193	0.14
28-10-2023	Tomatoes	7.96	7.5	443	193	0.86
29-10-2023	Wheat	1.38	7.1	238	279	1.96
29-10-2023	Apples	5.8	7.98	458	105	3.13
30-10-2023	Bananas	1.47	8.22	308	77	2.84
31-10-2023	Coffee	1.96	6.63	131	171	1.95
31-10-2023	Oranges	3.23	7.86	160	298	1.59
01-11-2023	Sugar	4.65	8.25	225	132	0.2
02-11-2023	Yogurt	7.02	7	222	222	1.55
03-11-2023	Chicken	7.1	7.84	242	199	4.54
03-11-2023	Eggs	4.6	7.07	77	110	2.31
04-11-2023	Bananas	8	8.46	159	63	1.14
04-11-2023	Coffee	6.88	7.69	226	54	2.82
05-11-2023	Fish	9.65	8.26	124	142	2.43
06-11-2023	Coffee	7.09	8.08	293	227	0.72
07-11-2023	Oranges	3.87	8.18	482	94	0.96
07-11-2023	Bananas	8.12	7.13	428	79	0.57
07-11-2023	Tea	3.24	6.86	117	295	1.09
07-11-2023	Yogurt	7.08	8.2	339	296	1.74
07-11-2023	Milk	5.87	8.45	449	78	2.71
08-11-2023	Bananas	5.8	8.38	262	260	1.91
08-11-2023	Milk	3.97	8.21	224	70	4.22
08-11-2023	Cheese	0.75	8.03	95	243	0.79
08-11-2023	Wheat	8.42	6.55	135	68	0.75
08-11-2023	Sugar	1.36	7.02	152	108	1.82
09-11-2023	Coffee	2.53	7.62	147	147	1.93
09-11-2023	Potatoes	5.36	8.48	239	219	0.34
10-11-2023	Rice	2	7.34	465	229	4.6
11-11-2023	Butter	1.67	8.28	284	218	2.99
11-11-2023	Pork	5.01	7.53	452	191	3.81
11-11-2023	Fish	3.42	7.86	492	98	3.76
11-11-2023	Chicken	8.13	6.94	375	72	2.64
12-11-2023	Pork	9.05	8.25	57	92	0.69
13-11-2023	Fish	2.83	6.95	381	257	1.16
14-11-2023	Eggs	2.81	6.85	83	89	2.9
14-11-2023	Apples	2.39	7.84	496	248	1.08
15-11-2023	Chicken	5.28	7.34	74	154	1.34
16-11-2023	Potatoes	6.25	7.29	277	249	4.33
16-11-2023	Tomatoes	6.38	8.45	234	226	3.4
16-11-2023	Eggs	1.46	6.78	429	300	4.74
16-11-2023	Potatoes	1.52	7.57	115	250	0.57
16-11-2023	Eggs	0.65	7.87	436	283	4.02
17-11-2023	Coffee	4.4	7.77	366	107	0.78
17-11-2023	Oranges	8.29	8.27	311	99	0.79
18-11-2023	Beef	1.33	7.05	254	140	3.38
18-11-2023	Eggs	5.67	6.71	478	156	0.79
18-11-2023	Sugar	5.36	7.27	496	264	3.47
20-11-2023	Milk	1.54	7.65	458	138	4.09
20-11-2023	Sugar	8.27	7.92	303	204	3.56
20-11-2023	Bread	6	7.16	356	64	1.96
20-11-2023	Rice	1.19	6.93	244	130	1.35
21-11-2023	Beef	2.42	8.33	255	77	2.39
22-11-2023	Tomatoes	8.41	7.85	353	259	1.59
23-11-2023	Bananas	9.91	7.67	363	180	2.08
23-11-2023	Oranges	8.76	7.81	475	191	3.24
23-11-2023	Butter	9.68	8.41	64	133	0.99
23-11-2023	Chicken	5.98	7.63	364	104	3.73
24-11-2023	Beef	8.26	6.5	85	248	3.51
24-11-2023	Coffee	8.99	7.44	119	234	4.7
24-11-2023	Oranges	0.9	6.72	479	253	3.25
24-11-2023	Apples	0.67	7.68	455	66	2.43
25-11-2023	Sugar	4.56	7.19	89	216	4.14
25-11-2023	Oranges	9.33	6.67	312	255	2.03
27-11-2023	Coffee	8.48	7.22	165	261	1.39
29-11-2023	Rice	7.97	7.75	317	250	2.16
29-11-2023	Bread	2.26	6.63	187	255	0.33
29-11-2023	Oranges	1.97	7.64	66	133	0.8
30-11-2023	Cheese	5.45	7.01	376	126	1.07
30-11-2023	Rice	9.29	8.4	163	240	3.39
01-12-2023	Apples	4.51	7.72	257	267	4.54
01-12-2023	Eggs	2.6	6.54	216	106	0.41
02-12-2023	Pork	8.64	7.79	396	102	1.42
02-12-2023	Bread	8.14	7.37	326	130	1.08
02-12-2023	Fish	9.26	7.87	401	276	3.6
02-12-2023	Apples	4.77	8.13	431	297	3.57
03-12-2023	Pork	7.31	6.72	262	61	4.64
03-12-2023	Coffee	1.43	6.71	278	139	1.18
03-12-2023	Coffee	6.64	8.01	130	111	3.03
03-12-2023	Milk	4.6	8.22	61	155	1.22
04-12-2023	Tomatoes	4.46	7.86	117	171	1.8
04-12-2023	Rice	7.13	7.79	183	204	2.33
05-12-2023	Chicken	6.65	7.7	54	107	1.34
05-12-2023	Butter	4.24	8.35	379	181	4.15
06-12-2023	Sugar	7.5	6.97	173	273	1.4
06-12-2023	Pork	7.29	6.72	159	171	3.63
07-12-2023	Bananas	0.88	8.02	168	66	1.4
07-12-2023	Fish	5.43	7.29	426	60	2.83
07-12-2023	Beef	8.89	8.2	388	85	0.23
08-12-2023	Milk	7.97	6.82	328	187	2.08
08-12-2023	Apples	5.67	6.97	389	221	0.48
08-12-2023	Fish	0.66	7.42	186	57	2.43
08-12-2023	Wheat	2.84	6.81	190	56	2.52
09-12-2023	Potatoes	7.26	8.18	336	163	2.5
09-12-2023	Milk	9.4	8.41	210	141	3.6
10-12-2023	Butter	8.24	7.26	425	226	1.54
10-12-2023	Apples	1.67	6.76	155	217	0.89
10-12-2023	Cheese	7.82	6.76	234	239	4.07
10-12-2023	Tomatoes	5.91	7.66	490	281	0.65
10-12-2023	Eggs	7.53	8.36	125	213	1.28
11-12-2023	Cheese	6.74	8.24	449	199	0.62
11-12-2023	Wheat	2.74	6.65	338	281	3.09
11-12-2023	Bananas	3.21	7.43	428	87	4.36
12-12-2023	Bread	4.46	7.08	270	93	0.96
13-12-2023	Apples	9.25	6.83	161	89	2.57
14-12-2023	Pork	2.74	6.66	421	169	1.63
14-12-2023	Rice	8.86	8.36	139	53	0.65
14-12-2023	Milk	1.89	6.75	311	87	4.32
14-12-2023	Potatoes	1.68	6.69	212	216	0.25
15-12-2023	Beef	2.58	7.32	123	253	2.95
16-12-2023	Eggs	2.51	7.81	317	167	4.71
16-12-2023	Sugar	1.92	7.17	61	177	2.02
16-12-2023	Wheat	4.51	7.22	132	172	1.23
17-12-2023	Fish	0.78	8.12	193	64	4.06
17-12-2023	Butter	4.47	6.84	485	114	1.04
17-12-2023	Sugar	2.39	6.53	272	248	3.23
17-12-2023	Beef	6.98	7.07	195	267	2.65
18-12-2023	Yogurt	9.99	7.33	220	139	2.85
18-12-2023	Bread	4.06	7.54	141	132	3.59
18-12-2023	Potatoes	7.05	8.31	108	219	4.73
19-12-2023	Pork	9.18	7.31	298	244	2.63
19-12-2023	Bananas	5.32	8.19	480	218	4.39
19-12-2023	Bananas	1.58	7.46	403	70	0.8
21-12-2023	Bananas	9.5	7.63	338	292	1.02
21-12-2023	Tomatoes	2.44	7.58	233	258	2.32
21-12-2023	Sugar	8.54	6.97	306	118	2.11
21-12-2023	Yogurt	0.63	8.43	455	77	2.76
21-12-2023	Eggs	3.19	8.04	94	59	3.9
22-12-2023	Yogurt	4.39	7.62	371	170	3.53
22-12-2023	Bananas	4.94	7.19	199	87	4.09
22-12-2023	Tea	3.11	7.18	89	73	1.35
23-12-2023	Bread	9.46	8.32	234	151	0.82
23-12-2023	Beef	1.24	8.03	396	119	0.85
23-12-2023	Bread	6.81	7.68	104	151	0.15
23-12-2023	Tomatoes	5.7	8.44	450	279	0.53
23-12-2023	Oranges	2.43	7.73	132	73	2.9
24-12-2023	Butter	3.38	7.79	386	208	2.28
24-12-2023	Eggs	5.62	6.95	253	185	2.44
25-12-2023	Sugar	9.32	8.16	289	255	3.23
26-12-2023	Butter	3.9	7.42	390	159	4.43
26-12-2023	Coffee	6.64	7.29	217	206	4.2
27-12-2023	Tea	0.98	8.35	271	260	3.65
27-12-2023	Tomatoes	4.36	6.78	74	134	1.74
29-12-2023	Rice	9.36	7.83	186	88	3.53
29-12-2023	Beef	4.32	6.52	270	175	1.07
29-12-2023	Milk	4.69	7.25	373	265	0.24
29-12-2023	Milk	2.26	7.68	60	246	0.93
29-12-2023	Chicken	8.08	7.54	261	201	2.82
30-12-2023	Beef	5.29	7.89	215	231	0.67
30-12-2023	Beef	7.81	6.6	207	129	3.68
30-12-2023	Tomatoes	6.57	7.9	465	225	0.7
30-12-2023	Fish	6.08	7.87	358	268	4.23
30-12-2023	Potatoes	9.84	6.67	101	232	4.05
30-12-2023	Bananas	4.32	8.28	219	192	4.06
31-12-2023	Tomatoes	4.54	7.98	109	204	4.05
31-12-2023	Sugar	9.95	7.26	299	244	4.54
01-01-2024	Fish	2.85	7.8	353	71	4.56
01-01-2024	Tomatoes	4.61	7.92	293	90	3.06
01-01-2024	Fish	4.92	7.65	77	167	3.13
01-01-2024	Eggs	1.28	8.09	54	88	2.75
02-01-2024	Wheat	1.77	7.34	219	280	0.25
02-01-2024	Pork	3.29	7.31	354	120	2.69
02-01-2024	Milk	2.73	7.87	434	207	2.9
04-01-2024	Rice	7.86	8.01	71	100	0.63
04-01-2024	Tomatoes	0.93	7.98	338	67	1.57
05-01-2024	Potatoes	1.37	7.59	144	144	4.44
05-01-2024	Beef	5.81	7.62	432	77	3.85
05-01-2024	Bananas	9.59	7.84	99	172	2.51
06-01-2024	Rice	2.86	6.59	315	281	3.94
06-01-2024	Bananas	6.66	7.33	478	51	4.85
06-01-2024	Milk	6.51	6.94	410	280	1.78
07-01-2024	Cheese	1.01	7.99	153	208	4.36
07-01-2024	Oranges	7.23	7.97	181	68	0.57
07-01-2024	Butter	3.07	6.83	393	158	2.84
08-01-2024	Beef	2.33	8.17	478	64	1.32
09-01-2024	Cheese	0.73	7.79	407	107	2.45
09-01-2024	Potatoes	4.2	8.13	287	218	4.84
10-01-2024	Beef	9.84	7.87	124	264	0.4
10-01-2024	Chicken	8.59	8.44	300	103	3.66
10-01-2024	Milk	6.02	7.34	345	248	3.5
10-01-2024	Milk	6.21	7.9	243	93	3.96
11-01-2024	Rice	8.53	6.83	79	87	1.67
12-01-2024	Milk	8.03	7.57	255	201	2.13
12-01-2024	Bread	3.86	7.71	417	264	3.77
13-01-2024	Milk	4.27	8.18	481	85	1.26
13-01-2024	Pork	8.24	7.17	471	268	0.22
13-01-2024	Beef	1.33	7.69	353	247	2.18
14-01-2024	Apples	5.44	6.97	87	248	3.04
14-01-2024	Bananas	1.42	7.87	129	203	1.93
14-01-2024	Milk	3.88	6.68	140	149	4.05
15-01-2024	Sugar	5.53	8.03	169	299	0.88
15-01-2024	Bananas	8.18	7.33	437	200	1.21
15-01-2024	Sugar	6.12	6.63	137	55	2.84
16-01-2024	Beef	7.19	6.9	143	178	4.75
16-01-2024	Butter	3.73	6.59	248	68	0.26
17-01-2024	Potatoes	4.68	7.01	351	64	2.5
17-01-2024	Chicken	5.02	7.39	239	223	2.68
17-01-2024	Rice	2.88	7.92	119	133	3.38
17-01-2024	Chicken	2.58	6.76	417	162	2.54
18-01-2024	Eggs	9.71	7.5	400	87	2.38
18-01-2024	Eggs	3.37	7.03	459	284	1.1
18-01-2024	Milk	9.61	8.25	413	122	3.62
18-01-2024	Cheese	7.62	6.7	245	294	0.59
19-01-2024	Cheese	1.25	8.35	441	169	2.88
19-01-2024	Wheat	9.37	7.46	356	114	4.21
19-01-2024	Butter	2.13	8.42	357	133	4.91
20-01-2024	Oranges	7.49	8.21	387	80	3.76
20-01-2024	Yogurt	9.52	7.26	244	61	3.86
21-01-2024	Beef	2.7	7.83	305	289	3.43
21-01-2024	Potatoes	8.88	7.24	60	160	4.05
22-01-2024	Bananas	4.28	6.84	275	158	2.58
22-01-2024	Oranges	7.8	6.9	218	66	1.65
22-01-2024	Butter	7.73	6.62	302	114	2.12
22-01-2024	Tomatoes	9.09	8.41	495	209	2.12
23-01-2024	Cheese	4.98	8.05	237	150	1.19
23-01-2024	Bananas	6.62	7.9	455	77	0.72
23-01-2024	Butter	3.5	6.95	146	119	4.43
23-01-2024	Bread	9.13	7.46	138	255	2.59
24-01-2024	Apples	8.17	7.25	254	97	4.15
24-01-2024	Coffee	5.81	7.91	455	109	3.61
24-01-2024	Potatoes	7.59	7.23	371	118	2.47
25-01-2024	Cheese	9.04	7.4	498	184	0.96
25-01-2024	Rice	5.75	6.6	442	146	3.51
26-01-2024	Chicken	0.88	8.36	355	63	3.89
26-01-2024	Apples	0.66	7.22	73	298	4.06
26-01-2024	Wheat	6.46	7.82	343	229	3.92
27-01-2024	Milk	5.72	7.95	336	284	2.96
27-01-2024	Sugar	1.31	7.77	426	98	0.79
27-01-2024	Cheese	5.9	8.48	57	273	3.63
27-01-2024	Potatoes	2.73	7.75	327	123	3.94
27-01-2024	Yogurt	5.63	8.43	413	114	0.96
28-01-2024	Chicken	9.46	8.11	343	112	0.94
28-01-2024	Apples	5.41	6.89	448	142	2.33
28-01-2024	Sugar	3.24	8.1	57	166	0.3
29-01-2024	Sugar	3.78	7.85	247	88	4.21
29-01-2024	Coffee	8.56	7.97	355	237	2.82
29-01-2024	Fish	3.54	7.21	404	84	1.68
29-01-2024	Sugar	3.7	7.88	225	186	2.63
29-01-2024	Rice	5.93	8.07	207	246	1.66
30-01-2024	Coffee	9.38	7.95	80	183	1.08
31-01-2024	Tomatoes	5	7.08	436	196	3.37
31-01-2024	Coffee	5.56	7.82	66	188	3.84
31-01-2024	Eggs	7.56	8.25	152	244	2.89
31-01-2024	Cheese	9.43	6.53	494	293	3.69
01-02-2024	Bread	8.56	8.2	495	92	0.47
01-02-2024	Beef	3.63	6.63	370	74	0.24
01-02-2024	Tomatoes	1.86	7.15	453	142	1.74
01-02-2024	Milk	5.02	6.7	351	105	3.03
01-02-2024	Eggs	4.52	7.67	500	139	4.75
01-02-2024	Butter	5.44	7.06	354	249	4.49
01-02-2024	Wheat	1.53	7.77	359	205	1.8
02-02-2024	Bananas	1.91	7.4	133	186	1.58
03-02-2024	Pork	9.16	8.18	316	109	1.59
03-02-2024	Yogurt	6.65	7.57	62	162	2.46
03-02-2024	Chicken	4	7.95	320	160	1.15
04-02-2024	Wheat	8.04	8.46	57	86	3.21
04-02-2024	Fish	8.06	7.66	99	284	3.94
04-02-2024	Apples	3.38	7.57	217	285	1.61
04-02-2024	Bread	6.63	8.01	183	90	0.52
04-02-2024	Yogurt	3.73	7.38	72	294	4.19
05-02-2024	Rice	1.59	7.19	173	281	3.25
05-02-2024	Yogurt	7.07	7.69	417	177	3.1
05-02-2024	Beef	7.84	6.59	143	107	1.77
05-02-2024	Fish	7.7	7.84	334	269	3.11
06-02-2024	Tea	8.81	6.68	422	277	2.28
06-02-2024	Potatoes	7.07	7.5	322	218	4.44
06-02-2024	Bread	1.46	8.11	126	56	2.98
06-02-2024	Beef	3.69	7.7	353	146	4.28
07-02-2024	Milk	5.09	7.88	453	230	1.51
07-02-2024	Apples	2.77	6.73	294	238	4.7
07-02-2024	Eggs	8.32	6.58	103	92	3.19
07-02-2024	Eggs	6.88	7.87	124	246	1.03
08-02-2024	Sugar	9.43	6.57	227	150	4.32
08-02-2024	Potatoes	9.37	8.21	317	236	3.93
08-02-2024	Beef	5.45	6.98	455	76	0.84
08-02-2024	Chicken	9.94	6.64	327	286	4.66
09-02-2024	Milk	9.1	8.16	219	81	0.31
09-02-2024	Yogurt	6.97	7.3	252	277	4.41
09-02-2024	Cheese	3.14	7.76	469	261	1.12
09-02-2024	Rice	1.98	7.67	369	140	2.87
09-02-2024	Rice	8.6	7.74	488	52	4.74
10-02-2024	Pork	7.98	6.66	500	135	3.71
10-02-2024	Rice	2.43	8.29	110	50	1.46
11-02-2024	Fish	4.1	8.26	62	225	4.68
12-02-2024	Oranges	9.66	6.51	96	260	0.81
12-02-2024	Bananas	2.79	8.2	303	264	3.54
12-02-2024	Rice	9.82	7.16	414	73	4.36
13-02-2024	Bread	7.77	8.3	462	269	4.03
13-02-2024	Tea	2.64	6.77	110	235	4.57
14-02-2024	Tomatoes	0.71	8.02	377	278	1.13
14-02-2024	Cheese	9.38	7.22	399	127	2.06
14-02-2024	Potatoes	9.83	8.31	62	175	1.66
14-02-2024	Wheat	2.58	6.97	128	294	4.37
14-02-2024	Tomatoes	6.61	6.8	53	83	1.89
14-02-2024	Milk	3.8	8.24	157	273	3.67
15-02-2024	Pork	6.43	7.08	226	285	3.39
15-02-2024	Chicken	2.55	7.23	161	57	1.7
15-02-2024	Fish	8.06	6.92	99	134	3.25
15-02-2024	Oranges	5.89	7.88	493	73	1.7
16-02-2024	Yogurt	8.64	8.05	172	132	3.63
16-02-2024	Tomatoes	3.54	6.56	73	82	4.2
16-02-2024	Oranges	2.94	6.96	485	104	2.96
16-02-2024	Butter	6.63	7.06	365	149	2.3
16-02-2024	Pork	5.18	6.77	379	132	5
16-02-2024	Sugar	9.95	6.99	245	277	3.5
16-02-2024	Sugar	7.78	7.33	425	72	4.8
16-02-2024	Beef	8.95	7.83	236	186	1.26
17-02-2024	Bananas	9.6	6.52	497	192	0.79
18-02-2024	Wheat	6.63	7.46	371	167	4.47
19-02-2024	Bananas	8.17	8.42	136	51	1.63
19-02-2024	Wheat	8.7	6.94	107	110	3.2
19-02-2024	Coffee	6.05	7.11	369	246	2.08
19-02-2024	Bananas	2.25	7.77	251	286	0.4
19-02-2024	Yogurt	9.21	7.11	94	258	1.77
20-02-2024	Coffee	8.03	6.56	184	110	3.13
20-02-2024	Chicken	1.04	7.51	477	193	4.31
20-02-2024	Butter	8.84	6.61	482	150	0.72
20-02-2024	Rice	7.62	7.03	170	189	3.86
21-02-2024	Oranges	6.56	8.08	382	59	1.12
21-02-2024	Potatoes	9.36	7.45	222	204	2.2
21-02-2024	Tomatoes	0.88	8.24	285	143	0.35
22-02-2024	Bananas	3.46	6.71	307	200	1.6
22-02-2024	Sugar	5.71	6.55	253	184	3.85
22-02-2024	Sugar	9.76	8.14	241	181	3.69
23-02-2024	Beef	2.36	6.92	117	125	2.36
24-02-2024	Potatoes	2.04	6.65	447	65	1.98
24-02-2024	Bananas	5.37	7.48	248	171	1.42
24-02-2024	Butter	9.89	8.32	195	83	4.22
24-02-2024	Tomatoes	8.12	7.02	471	87	2.82
25-02-2024	Tea	1.53	7	304	109	3.18
25-02-2024	Tomatoes	9.63	7	286	273	0.3
26-02-2024	Butter	6.13	7.85	282	147	1.67
27-02-2024	Bread	8.68	7.66	71	191	3.62
28-02-2024	Wheat	9.21	7.25	484	227	0.42
29-02-2024	Chicken	4.68	8.35	169	101	3.46
29-02-2024	Chicken	4.29	6.53	455	259	3.34
01-03-2024	Coffee	1.13	7.86	336	63	1.55
01-03-2024	Yogurt	2.85	7.04	322	78	3.45
01-03-2024	Butter	8.53	6.96	277	256	3.53
01-03-2024	Bananas	5.12	8.17	213	161	3.92
02-03-2024	Tomatoes	3.89	7.73	110	142	4.62
03-03-2024	Sugar	6.71	7.44	366	61	1.29
03-03-2024	Butter	0.8	7.7	244	65	4.69
03-03-2024	Wheat	1.82	7.59	425	134	4.63
04-03-2024	Chicken	9.25	6.71	426	258	4.39
05-03-2024	Yogurt	9.18	7.65	250	300	1.97
05-03-2024	Milk	6.56	6.73	455	175	0.43
06-03-2024	Coffee	1.35	7.01	167	118	1.9
08-03-2024	Fish	8.43	7.54	221	155	2.94
08-03-2024	Milk	8.18	8.24	377	247	2.92
09-03-2024	Milk	3.67	8.28	102	183	3.85
09-03-2024	Oranges	4.51	6.68	56	281	3.27
11-03-2024	Potatoes	3.04	6.7	385	199	2.02
11-03-2024	Potatoes	7.36	8.39	375	135	4.74
12-03-2024	Oranges	7.21	7.21	479	183	1.65
13-03-2024	Yogurt	2.11	6.57	172	217	0.1
13-03-2024	Milk	7.91	8.34	221	139	4.41
13-03-2024	Tea	5.05	8.3	282	187	4.41
13-03-2024	Fish	3.15	6.51	393	128	2.23
13-03-2024	Bread	1.81	7.94	294	91	0.11
14-03-2024	Bananas	9.05	7.6	441	252	2.1
14-03-2024	Pork	6.18	7.77	222	96	4.45
15-03-2024	Bread	8.25	8.2	226	123	2.4
15-03-2024	Sugar	4.41	8.02	112	144	0.48
15-03-2024	Tomatoes	5.25	6.73	336	150	1.95
15-03-2024	Potatoes	0.95	7.85	269	115	1.6
16-03-2024	Milk	0.63	6.82	97	274	2.51
17-03-2024	Yogurt	4.34	7.14	121	234	0.22
17-03-2024	Chicken	8.85	7.79	370	128	3.16
17-03-2024	Chicken	4.6	7.9	233	166	4.26
18-03-2024	Tomatoes	1.58	6.71	151	205	1.08
19-03-2024	Bananas	7.61	7.54	280	155	0.92
20-03-2024	Cheese	4.07	8.16	453	271	2.93
20-03-2024	Potatoes	5.03	7.76	280	240	1.74
20-03-2024	Oranges	2.89	7.53	393	245	2.78
20-03-2024	Bananas	7.15	6.73	329	158	2.43
20-03-2024	Beef	4.44	6.86	366	237	2.22
20-03-2024	Yogurt	6.79	7.15	314	171	3.3
20-03-2024	Wheat	4.12	8.28	107	210	2.39
21-03-2024	Sugar	1.11	8.48	377	133	4.32
21-03-2024	Tomatoes	5.7	7.25	104	61	4.49
21-03-2024	Chicken	3.41	7.31	136	65	3.11
21-03-2024	Chicken	3.11	7.42	454	299	3.21
21-03-2024	Rice	3.37	7.71	135	166	1.03
22-03-2024	Chicken	4.68	6.96	313	214	1.48
22-03-2024	Bananas	9.65	7.05	360	296	1.05
22-03-2024	Eggs	1.64	6.66	389	176	3.11
22-03-2024	Yogurt	9.32	7.77	373	147	0.37
22-03-2024	Bread	8.82	8.07	416	179	0.26
22-03-2024	Sugar	4.96	8.31	115	132	3.32
23-03-2024	Potatoes	3.36	8.37	437	110	1.56
25-03-2024	Coffee	1.92	7.63	348	244	4.83
25-03-2024	Sugar	3.91	6.88	465	153	0.19
25-03-2024	Cheese	8.28	6.88	399	177	3.85
25-03-2024	Oranges	8.14	6.68	119	53	1.03
25-03-2024	Tomatoes	1.75	7.77	95	293	2.63
25-03-2024	Oranges	1.69	7.75	156	291	2.09
26-03-2024	Bread	9.74	7.34	398	229	2.81
26-03-2024	Oranges	5.27	8.35	481	261	2.01
26-03-2024	Eggs	1.48	8.19	438	261	2.94
26-03-2024	Cheese	5.31	7.33	254	157	2.88
26-03-2024	Tea	0.53	7.64	275	67	0.89
27-03-2024	Bananas	3.77	8.18	182	241	4.17
27-03-2024	Butter	8.1	6.96	191	129	4.22
27-03-2024	Chicken	8.12	7.25	167	200	3.27
28-03-2024	Rice	8.67	6.64	403	135	2.7
28-03-2024	Eggs	5.82	6.96	125	126	0.75
28-03-2024	Eggs	5.87	6.77	260	271	0.31
28-03-2024	Beef	8.36	7.87	378	51	1.19
29-03-2024	Fish	3.58	8.22	232	170	3.82
29-03-2024	Pork	9.16	7.65	290	71	1.13
29-03-2024	Sugar	0.9	7.73	238	247	2.85
30-03-2024	Yogurt	9.42	8.43	356	231	3.77
31-03-2024	Apples	3.06	7.33	380	72	1.02
31-03-2024	Butter	4.41	7.66	187	113	3.12
01-04-2024	Coffee	9.52	6.77	201	111	3.27
02-04-2024	Fish	0.77	8.03	302	298	0.43
03-04-2024	Rice	3.32	8.43	489	206	2.47
03-04-2024	Beef	9.57	7.33	299	274	4.94
03-04-2024	Potatoes	3.66	6.81	446	193	3.35
04-04-2024	Milk	8.22	8.34	289	74	2.33
04-04-2024	Tea	4.44	7.6	340	99	2.12
04-04-2024	Chicken	0.84	6.92	75	120	4.69
05-04-2024	Sugar	7.86	7.39	90	147	3.11
05-04-2024	Oranges	9.48	8.27	164	55	4.75
05-04-2024	Fish	3.32	7.04	110	93	1.2
05-04-2024	Sugar	7.93	6.65	65	144	4.03
06-04-2024	Bread	9.84	8.47	448	121	2.38
06-04-2024	Cheese	3.35	7.67	340	251	0.26
06-04-2024	Fish	8.5	7.59	470	206	3.44
06-04-2024	Oranges	8.35	7.24	478	152	0.32
07-04-2024	Sugar	2.95	7.18	231	246	0.33
07-04-2024	Yogurt	7.51	7.37	198	122	2.48
07-04-2024	Bananas	2.58	8.43	140	115	4.86
07-04-2024	Potatoes	9.89	8.01	168	220	1.47
07-04-2024	Milk	9.77	7.99	477	218	4.68
08-04-2024	Apples	1.44	8.34	460	57	3.67
09-04-2024	Cheese	0.54	7.95	159	285	2.57
09-04-2024	Wheat	1.05	7.03	262	158	0.59
10-04-2024	Tomatoes	6.33	7.18	277	62	0.74
10-04-2024	Bananas	6.78	8.38	459	209	4.42
10-04-2024	Tea	4.43	7.2	474	188	2.19
10-04-2024	Eggs	8.22	7.26	255	83	4.11
10-04-2024	Rice	5.66	6.86	232	156	0.19
10-04-2024	Oranges	3.64	7.93	424	234	3.21
10-04-2024	Rice	3.08	6.76	482	181	2.68
11-04-2024	Milk	0.71	6.63	380	163	4.07
11-04-2024	Oranges	7.87	8.48	393	218	0.54
11-04-2024	Beef	8.95	7.19	490	210	0.81
12-04-2024	Sugar	0.57	7.9	347	275	1.9
13-04-2024	Potatoes	2.65	7.24	197	247	4.24
13-04-2024	Bananas	9.47	7.39	444	52	3.62
13-04-2024	Oranges	5.15	7.78	351	68	2.1
13-04-2024	Fish	0.92	7.88	327	92	3.32
14-04-2024	Apples	8.71	7.43	495	188	4.68
14-04-2024	Cheese	7.27	7.9	460	79	2.14
15-04-2024	Pork	2.33	7.05	213	247	2.26
15-04-2024	Eggs	3.13	7.18	349	110	2.44
15-04-2024	Wheat	8.89	7.03	333	175	3.07
15-04-2024	Butter	2.98	7.13	387	62	0.64
16-04-2024	Eggs	5.39	7.93	252	162	2.42
17-04-2024	Yogurt	2.58	7.55	50	134	4.6
17-04-2024	Coffee	8.02	8.42	382	131	0.95
17-04-2024	Wheat	5.27	8.3	459	196	3.42
17-04-2024	Tomatoes	4.94	8.37	377	166	4.62
17-04-2024	Coffee	3.19	8.25	363	262	3.83
17-04-2024	Cheese	0.63	6.86	383	274	3.36
18-04-2024	Yogurt	8.51	7.1	454	196	2.8
18-04-2024	Fish	1.45	7.74	149	131	2.48
18-04-2024	Potatoes	3.92	7.4	253	50	3.66
18-04-2024	Rice	3.91	8.24	151	78	1.03
18-04-2024	Bananas	6.47	8.36	190	122	4.12
18-04-2024	Milk	4.91	6.91	134	223	0.6
19-04-2024	Fish	2.54	7.13	445	260	4.72
19-04-2024	Oranges	3.97	7.74	237	143	0.96
19-04-2024	Coffee	4.51	7.78	492	247	1.47
20-04-2024	Tea	3.39	6.76	454	128	0.94
20-04-2024	Fish	6.28	7.26	214	96	2.27
20-04-2024	Cheese	1.34	6.99	343	189	3.84
21-04-2024	Tea	2.59	6.77	53	122	4.49
22-04-2024	Bananas	7.26	8.1	240	136	0.11
22-04-2024	Wheat	3.48	7.44	309	161	2.39
23-04-2024	Cheese	2.43	7.61	207	118	2.15
24-04-2024	Potatoes	8.74	7	190	223	2.85
25-04-2024	Tea	6.5	6.79	135	213	4.06
25-04-2024	Tomatoes	6.17	6.85	273	223	4.39
26-04-2024	Eggs	9.53	8.49	286	249	2.59
27-04-2024	Bananas	1.82	7.38	355	183	3.84
27-04-2024	Bread	2.89	8.27	171	203	0.7
27-04-2024	Bread	6.3	6.79	256	164	3.26
27-04-2024	Milk	4.77	8.28	311	114	2.98
27-04-2024	Bread	2.66	8.35	215	282	1.27
28-04-2024	Tomatoes	2.05	6.86	251	225	3.08
28-04-2024	Oranges	9.59	7.63	443	213	2.31
29-04-2024	Cheese	1.79	7.33	280	56	0.98
29-04-2024	Oranges	2.75	6.54	59	214	3.94
29-04-2024	Milk	1.93	7.17	412	201	1.36
30-04-2024	Bananas	2.2	8.5	301	222	0.62
30-04-2024	Apples	7.52	7.57	74	297	1.58
01-05-2024	Rice	0.61	6.92	347	75	1.69
01-05-2024	Tomatoes	2.31	7.66	409	137	4.19
01-05-2024	Pork	1.59	6.5	359	275	0.69
01-05-2024	Bananas	1.58	7.45	266	224	3.67
02-05-2024	Fish	4.44	7.16	108	173	3.41
02-05-2024	Potatoes	7.01	7.62	272	216	1.81
02-05-2024	Rice	9.65	7.56	52	133	1.99
03-05-2024	Tea	6.35	7.12	468	100	3.59
03-05-2024	Coffee	3.21	7.27	437	95	4.77
03-05-2024	Milk	7.72	7.85	98	286	4.32
04-05-2024	Tomatoes	8	7.16	77	211	4
04-05-2024	Beef	5.15	6.56	494	263	2.82
05-05-2024	Oranges	5.17	6.78	148	107	0.26
05-05-2024	Coffee	0.81	6.55	454	145	4.22
05-05-2024	Yogurt	9.05	8.21	460	67	2.25
05-05-2024	Sugar	7.97	7.61	345	253	1.72
05-05-2024	Chicken	1.85	8.33	97	207	1.98
06-05-2024	Oranges	9.99	8.18	158	199	4.22
06-05-2024	Milk	3.73	8	318	115	0.2
07-05-2024	Chicken	6.67	7.37	370	269	3.97
07-05-2024	Yogurt	1.46	7.8	395	250	0.23
07-05-2024	Bread	7	6.58	279	296	0.93
07-05-2024	Potatoes	3.91	7.87	230	299	4.83
07-05-2024	Beef	3.57	6.72	347	129	4.55
08-05-2024	Butter	7.48	8.37	317	220	4.16
08-05-2024	Butter	1.73	8.23	460	214	1.49
08-05-2024	Rice	7.85	8.12	323	205	4.32
09-05-2024	Wheat	6.59	6.87	277	252	3.24
09-05-2024	Sugar	9.44	7.69	73	249	3.33
09-05-2024	Sugar	5.83	8.17	242	205	2.64
09-05-2024	Tea	5.91	6.56	113	92	1.47
09-05-2024	Coffee	4.45	8.41	492	247	2.96
10-05-2024	Bananas	2.27	6.59	275	169	1.39
10-05-2024	Milk	9.01	7.71	141	159	2.7
10-05-2024	Fish	4.52	6.81	97	183	1.95
10-05-2024	Bread	5.85	7.9	317	150	3.81
10-05-2024	Tea	4.42	8.45	345	279	0.32
10-05-2024	Eggs	2.21	7.39	472	267	4.32
11-05-2024	Pork	5.56	6.84	249	115	2.07
12-05-2024	Butter	7.36	7.23	57	290	3.36
12-05-2024	Rice	2.6	7.24	235	232	1.53
12-05-2024	Apples	6.41	7.78	437	147	1.09
14-05-2024	Sugar	7.93	6.61	92	130	3.05
14-05-2024	Fish	7.13	7.8	282	293	0.66
14-05-2024	Cheese	6.65	6.61	372	241	4.85
14-05-2024	Bread	7.52	7.02	425	116	4.81
15-05-2024	Bananas	6.93	6.85	490	278	2.57
15-05-2024	Sugar	4.15	8.47	332	180	3.25
15-05-2024	Milk	3.54	7.17	491	234	4.66
15-05-2024	Apples	9.63	7.12	77	218	0.57
16-05-2024	Coffee	1.57	8.47	113	169	0.64
16-05-2024	Beef	4.84	7.73	112	228	3
17-05-2024	Potatoes	5.99	8.41	305	206	3.61
18-05-2024	Pork	4.39	7.61	423	188	1.4
18-05-2024	Yogurt	6.44	8.12	163	109	4.9
18-05-2024	Coffee	4.5	8.47	344	176	3.2
19-05-2024	Potatoes	7.83	7.75	354	62	3.34
19-05-2024	Tomatoes	4.49	7.39	176	219	2.18
20-05-2024	Milk	9.77	7.29	301	131	3.06
21-05-2024	Eggs	8.05	6.86	297	215	3.54
22-05-2024	Beef	3.73	7.61	141	100	0.21
22-05-2024	Pork	7.2	8.5	487	242	3.61
22-05-2024	Tea	6.57	7.11	137	76	3.41
22-05-2024	Sugar	2.41	7.54	68	170	2.45
22-05-2024	Tea	5.01	7.91	198	127	0.6
22-05-2024	Coffee	7.27	7.39	428	277	1.98
22-05-2024	Bread	3.96	7.5	428	126	2.09
23-05-2024	Tea	5.65	6.91	120	198	2.75
23-05-2024	Rice	2.39	7.07	162	276	1.38
23-05-2024	Oranges	4.23	6.94	471	275	3.49
23-05-2024	Oranges	8.19	7.35	183	283	0.37
23-05-2024	Chicken	6.4	8.47	475	117	1.52
23-05-2024	Coffee	2.99	6.53	454	288	1.62
24-05-2024	Chicken	9.82	7.35	440	250	0.65
25-05-2024	Tomatoes	9.5	6.93	360	170	4.35
26-05-2024	Pork	3.69	7.51	441	220	1.76
27-05-2024	Fish	4.07	7.58	243	205	4.75
27-05-2024	Fish	6.06	6.94	272	220	1.4
27-05-2024	Apples	6.9	6.67	251	223	4.38
27-05-2024	Bread	9.86	7.91	238	123	1.12
29-05-2024	Eggs	9.1	7.79	283	300	1.55
29-05-2024	Chicken	1.3	7.78	262	270	2.33
29-05-2024	Cheese	6.43	7.74	276	228	1.79
29-05-2024	Potatoes	9.09	7.78	218	157	3.37
29-05-2024	Apples	5.83	7.72	206	177	4.96
29-05-2024	Milk	1.83	6.7	133	290	3.6
30-05-2024	Bananas	3.46	8.27	447	87	0.82
30-05-2024	Milk	8.1	7.22	180	180	0.65
30-05-2024	Rice	5.54	6.58	470	165	1.27
30-05-2024	Oranges	2.23	7.78	359	287	2.17
30-05-2024	Sugar	3.64	7.41	350	232	4.49
31-05-2024	Chicken	4.99	6.52	265	177	0.76
31-05-2024	Cheese	1.27	8.25	383	69	2.74
31-05-2024	Chicken	1.83	7.44	69	65	3.02
31-05-2024	Apples	1.45	7.51	167	286	2.92
01-06-2024	Potatoes	8.82	8.13	344	114	3.5
01-06-2024	Coffee	8.46	7.84	83	99	4.14
01-06-2024	Oranges	0.6	7.7	225	149	1.94
01-06-2024	Sugar	9.02	8.37	456	256	3.52
01-06-2024	Fish	3.59	7.83	235	216	1.3
02-06-2024	Bread	3.4	7.48	431	90	0.19
02-06-2024	Chicken	3.66	7.22	288	165	3.79
02-06-2024	Sugar	2.9	6.68	175	235	4.17
02-06-2024	Milk	3.72	7.58	182	116	1.73
03-06-2024	Potatoes	1.94	6.88	117	97	0.23
03-06-2024	Coffee	7.16	7.6	109	162	0.68
03-06-2024	Cheese	3.67	6.96	337	54	3.48
04-06-2024	Fish	2.32	8.47	98	208	1.87
04-06-2024	Wheat	6.19	7.12	402	81	1.44
04-06-2024	Fish	0.73	7.35	125	140	3.31
04-06-2024	Pork	4.5	7	413	215	0.72
05-06-2024	Milk	3.74	7.84	405	227	4.91
05-06-2024	Eggs	4.21	7.12	76	203	0.12
05-06-2024	Butter	9.69	7.76	337	138	0.51
05-06-2024	Apples	6.82	6.77	321	102	1.31
05-06-2024	Wheat	3.22	6.68	238	166	4.12
05-06-2024	Coffee	8.95	7.37	126	70	1.83
06-06-2024	Bananas	3.97	7.3	280	96	2.9
06-06-2024	Pork	2.26	7.2	96	87	4.24
07-06-2024	Tomatoes	5.27	8.24	408	177	3.28
07-06-2024	Cheese	7.52	7	93	186	0.56
07-06-2024	Pork	6.88	8.36	250	165	3.07
07-06-2024	Tomatoes	4.37	6.82	174	275	2.16
09-06-2024	Bread	8.54	7.44	382	145	1
09-06-2024	Cheese	5.94	7.45	487	90	2.58
09-06-2024	Sugar	8.8	6.77	138	225	3.01
09-06-2024	Coffee	2.21	7.3	314	263	0.62
09-06-2024	Bananas	9.68	7.81	401	200	1.37
10-06-2024	Coffee	1.65	6.93	232	132	0.95
10-06-2024	Cheese	8.9	7.56	352	280	4.81
10-06-2024	Eggs	6.95	8.2	375	276	4.78
12-06-2024	Fish	5.55	6.88	319	218	1.32
12-06-2024	Milk	8.48	7.57	197	117	0.33
12-06-2024	Rice	9.55	6.75	69	267	1.72
12-06-2024	Tea	6.11	7.87	466	156	1.97
14-06-2024	Coffee	8.14	7.08	462	236	4.85
14-06-2024	Bananas	6.02	7.63	494	116	3.18
14-06-2024	Sugar	7.42	7.18	469	61	1.61
15-06-2024	Chicken	6.59	7.65	460	100	0.84
16-06-2024	Bread	7.04	7.74	271	219	3.66
16-06-2024	Yogurt	7.43	7.6	217	166	3.51
16-06-2024	Bananas	8.69	6.54	251	175	2.35
17-06-2024	Bread	2.11	6.7	228	279	1.19
18-06-2024	Oranges	8.37	6.74	443	232	1.32
18-06-2024	Yogurt	1.45	7.27	106	261	0.17
18-06-2024	Cheese	8.79	8.44	78	164	2.88
18-06-2024	Wheat	7.06	7.32	500	168	1.69
18-06-2024	Bread	2.15	7.95	498	124	3.23
18-06-2024	Coffee	0.55	7.55	189	197	3.99
18-06-2024	Tomatoes	6.73	7.38	270	150	4.9
19-06-2024	Wheat	4.92	7.74	268	165	2.39
19-06-2024	Coffee	2.85	6.8	311	97	1.32
19-06-2024	Pork	1.15	7.35	401	128	4.76
20-06-2024	Potatoes	8.85	8.28	467	57	4.73
20-06-2024	Tomatoes	8.34	6.75	300	128	0.12
20-06-2024	Wheat	3.56	6.71	233	272	4.52
20-06-2024	Wheat	9.15	7.52	373	202	3.39
21-06-2024	Yogurt	8.02	7.26	407	93	4.63
21-06-2024	Potatoes	2.91	8.33	234	116	1.38
22-06-2024	Apples	5.87	7.82	126	91	4.36
22-06-2024	Oranges	2.77	8.49	360	69	4.79
22-06-2024	Yogurt	9.31	6.7	277	178	2.95
22-06-2024	Rice	1.82	8.49	491	226	3.65
22-06-2024	Apples	6.12	7.73	419	61	0.46
22-06-2024	Apples	5.07	7.91	478	172	0.61
23-06-2024	Sugar	2.7	6.62	59	158	2.92
23-06-2024	Wheat	3.65	6.68	232	101	3.74
23-06-2024	Oranges	1.4	8.47	59	86	1.71
24-06-2024	Eggs	9.77	7.65	120	132	4.2
25-06-2024	Bread	1.78	7.5	321	238	0.34
25-06-2024	Fish	9.29	6.58	101	252	4.25
25-06-2024	Cheese	9.76	8.29	279	211	3.61
25-06-2024	Milk	8.13	7.07	143	289	0.18
26-06-2024	Bread	9.09	6.85	237	264	0.75
27-06-2024	Chicken	5.59	6.64	425	118	4.98
27-06-2024	Beef	4.49	6.81	453	161	1.96
27-06-2024	Milk	9.54	6.55	357	276	3.97
27-06-2024	Chicken	6.08	7.5	317	145	1.95
27-06-2024	Apples	9.78	7.94	195	160	1.28
28-06-2024	Tomatoes	4.97	7.95	277	250	3.26
28-06-2024	Yogurt	4.66	8.02	493	261	1.23
28-06-2024	Beef	1.19	7.64	217	195	2.05
28-06-2024	Sugar	3.2	8.29	403	191	2.84
29-06-2024	Rice	2.42	8.22	308	225	2.16
29-06-2024	Oranges	2.99	7.3	272	248	3.52
29-06-2024	Eggs	9.09	7.47	355	186	0.53
29-06-2024	Bread	3	8.06	268	214	0.22
29-06-2024	Fish	8.43	6.64	191	85	4.47
30-06-2024	Oranges	6.07	7.54	427	230	0.44
30-06-2024	Tea	6.15	6.63	375	193	4.43
30-06-2024	Apples	4.88	7.86	483	136	0.25
30-06-2024	Milk	6.39	7.28	127	195	0.5
01-07-2024	Coffee	5.38	8.23	442	224	0.14
01-07-2024	Tomatoes	9.09	7.71	233	220	0.57
01-07-2024	Yogurt	2.37	8.04	424	254	0.29
01-07-2024	Bananas	8.35	7.72	145	213	1.31
01-07-2024	Coffee	6.36	7.58	462	284	1.32
02-07-2024	Beef	5.74	7.73	324	82	3.16
03-07-2024	Tea	5.3	7.77	113	224	0.25
03-07-2024	Pork	7.78	6.87	98	203	3.79
03-07-2024	Cheese	2.79	7.09	222	279	4.14
04-07-2024	Tomatoes	2.35	8.07	311	182	3.52
04-07-2024	Tea	6.98	8.29	491	57	2.46
04-07-2024	Apples	0.63	8.29	125	177	4.34
05-07-2024	Cheese	6.69	6.75	340	154	2.29
05-07-2024	Butter	0.54	8.28	71	170	4.07
05-07-2024	Potatoes	5.57	7.53	248	65	0.13
06-07-2024	Yogurt	1.61	8.06	207	230	4.3
06-07-2024	Bread	2.39	8.44	434	85	0.74
06-07-2024	Yogurt	4.51	7.29	431	60	1.8
08-07-2024	Beef	1.87	6.75	414	167	0.73
08-07-2024	Bread	7.6	6.63	234	197	3.05
09-07-2024	Butter	5.79	6.89	301	162	3.43
09-07-2024	Oranges	6.11	6.75	139	179	4.58
09-07-2024	Bread	8.1	7.49	86	227	4.76
10-07-2024	Oranges	5.74	8.23	485	283	0.89
10-07-2024	Coffee	9.6	8.27	325	80	3.61
10-07-2024	Pork	8.12	6.55	189	296	4.37
10-07-2024	Milk	1.29	6.88	462	75	2.25
10-07-2024	Eggs	4.84	7.34	65	214	2.27
11-07-2024	Potatoes	9.17	7.28	408	284	3.36
11-07-2024	Eggs	1.03	7.77	81	130	0.58
12-07-2024	Beef	1.67	8.02	77	60	4.25
12-07-2024	Cheese	1.29	8.3	421	248	0.45
13-07-2024	Fish	7.05	8.12	382	61	4.38
13-07-2024	Chicken	8.37	6.59	301	267	4.21
14-07-2024	Beef	4.46	6.65	443	177	3.42
14-07-2024	Beef	4.91	7.14	108	138	3.52
14-07-2024	Yogurt	1.08	7.61	399	145	0.57
15-07-2024	Chicken	9.84	7.77	448	141	1.01
15-07-2024	Milk	2.89	7.04	188	273	1.52
16-07-2024	Apples	8.73	8.28	268	153	3.9
16-07-2024	Cheese	8.52	6.97	203	122	3.37
16-07-2024	Coffee	6.95	6.84	78	74	1.84
16-07-2024	Milk	8.24	8.21	343	132	0.64
16-07-2024	Pork	8.72	7.32	117	202	1.36
17-07-2024	Tomatoes	4.55	7.04	363	188	2.92
17-07-2024	Pork	9.95	7.07	396	98	2.15
17-07-2024	Rice	5.12	8.42	255	158	3.88
18-07-2024	Butter	6.36	7.15	471	290	3.7
18-07-2024	Tomatoes	0.81	6.62	58	207	1.88
19-07-2024	Yogurt	4.52	8.01	465	144	3.11
19-07-2024	Butter	5.68	6.54	471	283	2.43
19-07-2024	Beef	8.18	7.08	60	196	1.73
20-07-2024	Sugar	8.12	7.86	142	206	1.96
20-07-2024	Apples	6.94	6.97	298	152	3.72
21-07-2024	Bananas	8.3	7.53	131	66	1.62
21-07-2024	Eggs	4.9	8.37	277	52	1.19
21-07-2024	Coffee	1.14	7.34	307	252	0.21
21-07-2024	Bread	1.12	7.41	205	214	1.2
22-07-2024	Milk	2.29	8.27	94	70	2.01
22-07-2024	Tea	8.72	7.8	190	211	3.3
22-07-2024	Pork	3.06	6.71	235	204	3.92
22-07-2024	Rice	1.21	7.92	392	129	1.12
24-07-2024	Chicken	6.2	7.65	294	123	2.51
24-07-2024	Butter	3.57	6.78	252	125	2.6
25-07-2024	Oranges	5.45	7.86	496	210	3.46
25-07-2024	Apples	8.61	8.09	271	76	4.06
25-07-2024	Potatoes	5.13	7.06	158	237	0.75
26-07-2024	Yogurt	6.74	8.17	356	213	0.7
26-07-2024	Cheese	9.17	6.52	203	122	4.13
26-07-2024	Bread	5.37	7.01	325	238	1.99
27-07-2024	Beef	3.48	6.52	54	262	0.43
27-07-2024	Bread	4.36	7.74	137	298	1.79
27-07-2024	Chicken	1.93	7.07	115	54	4.22
27-07-2024	Tomatoes	7.19	7.39	249	63	3.47
28-07-2024	Rice	6.27	6.85	113	186	3.73
28-07-2024	Yogurt	2.22	7.35	391	225	1.58
28-07-2024	Coffee	1.08	8.04	183	222	1.66
28-07-2024	Pork	4.11	7.39	254	100	1.11
28-07-2024	Oranges	4.11	8.39	308	66	1.2
28-07-2024	Tea	6.49	7.16	390	77	3.1
28-07-2024	Tomatoes	9.12	7.92	386	203	2.9
29-07-2024	Apples	6.28	7.63	159	146	3.85
29-07-2024	Bread	7.65	7.27	108	118	0.4
29-07-2024	Tea	5.89	6.93	152	65	3.77
29-07-2024	Coffee	6.55	7.84	317	185	1.28
31-07-2024	Milk	8.81	6.73	405	82	4.51
01-08-2024	Tea	8.39	7.82	282	210	4.78
01-08-2024	Milk	6.53	6.65	172	291	0.56
01-08-2024	Milk	5.95	7.79	399	243	2.23
01-08-2024	Coffee	4.88	7.4	248	168	1.88
01-08-2024	Bread	6.35	8.18	360	102	1.93
02-08-2024	Tomatoes	4.76	8.47	88	97	4.82
02-08-2024	Tomatoes	8.74	7.8	168	300	1.97
02-08-2024	Oranges	2.54	7.4	325	228	3.41
02-08-2024	Butter	0.72	7.49	456	228	2.21
03-08-2024	Milk	2.57	6.78	347	281	3.8
03-08-2024	Tomatoes	8.43	7.11	336	239	2.37
03-08-2024	Potatoes	4.39	6.52	471	155	1.95
03-08-2024	Beef	5.04	6.95	53	220	4.28
04-08-2024	Butter	9.22	7.97	420	133	3.99
04-08-2024	Pork	3.41	7.75	480	117	3.15
04-08-2024	Tomatoes	7.82	7.88	346	111	3.62
05-08-2024	Yogurt	1.76	6.78	375	167	3.83
05-08-2024	Eggs	3.23	7.47	164	276	0.93
05-08-2024	Cheese	3.23	6.73	170	286	4.95
05-08-2024	Rice	6.07	7.17	262	78	2.79
06-08-2024	Bread	1.97	7.09	184	188	1.9
06-08-2024	Bananas	2.97	7.51	113	62	3.81
06-08-2024	Bananas	0.92	8.36	352	56	0.62
06-08-2024	Tea	3.15	7.02	159	287	3.69
07-08-2024	Wheat	7.65	6.59	214	249	2.03
08-08-2024	Butter	2.52	8.5	52	184	3.86
08-08-2024	Eggs	4.82	6.84	201	91	0.43
08-08-2024	Rice	1.16	6.69	460	156	3.64
08-08-2024	Pork	7.81	7.65	231	278	4.41
09-08-2024	Cheese	3.44	7.19	326	108	4.04
09-08-2024	Milk	5.43	6.88	266	92	4.17
11-08-2024	Apples	9.04	7.62	247	122	3.05
11-08-2024	Oranges	9.14	7.66	427	259	0.76
12-08-2024	Beef	7.32	6.75	108	230	2.3
12-08-2024	Pork	1.32	6.55	392	74	1.1
12-08-2024	Milk	3.42	7.67	342	188	0.95
12-08-2024	Tea	7.96	7.56	326	160	2.83
12-08-2024	Cheese	4.18	7.38	184	61	3.91
13-08-2024	Tea	4.97	8.39	123	270	4.49
14-08-2024	Wheat	7.1	7.7	205	236	3.95
14-08-2024	Milk	4.04	7.4	306	184	4.16
14-08-2024	Tea	0.65	7.26	265	152	4.81
15-08-2024	Beef	7.42	8.4	343	150	4.27
15-08-2024	Sugar	4.57	6.54	185	275	0.48
16-08-2024	Eggs	4.25	8.27	153	293	0.52
17-08-2024	Eggs	1.32	7.71	242	218	3.84
17-08-2024	Coffee	9.67	8.09	342	116	4.98
17-08-2024	Butter	3.78	7.26	301	161	3.65
17-08-2024	Coffee	8.98	7.12	83	144	2.27
18-08-2024	Cheese	3.22	8.19	463	53	2.66
18-08-2024	Milk	2.54	7.24	124	249	1.64
19-08-2024	Apples	2.22	7.93	202	149	0.58
19-08-2024	Beef	0.8	7.88	300	56	1.01
19-08-2024	Fish	5.87	8.5	372	190	3.7
20-08-2024	Fish	1.8	7.28	458	267	2.77
20-08-2024	Bananas	6.26	7.52	402	75	3.35
20-08-2024	Fish	7.41	7.15	309	135	1.45
20-08-2024	Coffee	4.26	7.47	74	262	2.69
21-08-2024	Eggs	8.71	8.49	176	220	4.12
21-08-2024	Butter	6.46	7.5	462	53	0.8
22-08-2024	Oranges	6.07	7.17	215	84	4.88
22-08-2024	Fish	7.41	6.76	425	55	2.99
22-08-2024	Beef	4.62	7.29	68	219	4.62
22-08-2024	Yogurt	5.28	6.66	342	237	2.1
23-08-2024	Apples	5.12	7.83	321	265	2.79
23-08-2024	Coffee	7.39	7.06	415	246	2.95
23-08-2024	Milk	9.93	6.82	225	91	2.66
24-08-2024	Oranges	8.97	6.65	349	174	0.37
24-08-2024	Tea	9.29	6.65	329	208	1.78
25-08-2024	Bread	4.8	7.03	331	71	1.84
27-08-2024	Tea	3.34	6.75	430	206	2.33
28-08-2024	Milk	2.04	6.96	212	217	1.53
28-08-2024	Tea	9.92	7.67	134	153	3.81
28-08-2024	Chicken	4.36	8.03	328	223	0.82
29-08-2024	Pork	7.03	7.25	210	212	4.55
29-08-2024	Rice	1.55	7.61	443	80	4.01
29-08-2024	Beef	7.7	7.4	500	276	1.84
30-08-2024	Coffee	9.71	8.27	302	275	1.96
30-08-2024	Potatoes	4.44	7.61	413	195	3.8
31-08-2024	Bananas	0.55	6.82	101	170	2.79
31-08-2024	Tomatoes	1.84	7.54	303	255	1.16
31-08-2024	Bananas	5.71	7.29	386	259	2.02
01-09-2024	Tomatoes	7.4	8.47	106	237	0.39
01-09-2024	Oranges	1.98	6.96	421	161	1.91
01-09-2024	Bananas	8.38	7.86	86	214	2.19
01-09-2024	Sugar	8.64	7.17	365	187	3.73
01-09-2024	Rice	4.17	7.87	87	132	4.71
02-09-2024	Chicken	1.76	6.67	342	240	0.34
02-09-2024	Chicken	8.07	6.62	209	199	2.24
02-09-2024	Bananas	7.37	6.98	291	289	3.59
03-09-2024	Tea	5.27	8.06	414	135	4.24
03-09-2024	Bread	7.77	7.48	392	232	3.52
03-09-2024	Tomatoes	9.98	7.88	377	67	0.47
04-09-2024	Milk	2.39	6.68	356	284	4.4
04-09-2024	Coffee	9.66	7.64	345	53	3.26
05-09-2024	Oranges	9.2	6.51	468	258	1.47
06-09-2024	Sugar	5.23	6.82	72	63	3.26
06-09-2024	Cheese	3.14	8.21	385	207	3.71
07-09-2024	Eggs	8.54	8.23	113	139	0.56
07-09-2024	Chicken	3.31	6.56	379	245	2.16
07-09-2024	Oranges	6.97	8.49	282	172	3.53
08-09-2024	Rice	6.25	6.59	238	194	2.95
08-09-2024	Butter	2.86	7.16	102	125	0.2
08-09-2024	Wheat	4.08	6.52	96	183	1.3
09-09-2024	Butter	8.75	7.48	441	284	2.6
09-09-2024	Coffee	6.86	6.55	340	96	0.22
10-09-2024	Eggs	3.26	6.82	254	268	0.46
10-09-2024	Beef	3.9	8.21	307	103	1.81
11-09-2024	Tomatoes	1.24	6.93	315	74	0.6
11-09-2024	Butter	7.41	8.05	59	279	2.54
11-09-2024	Eggs	8.51	8.38	102	57	1.2
12-09-2024	Chicken	7.81	7	290	151	1.93
13-09-2024	Pork	5	8.07	102	229	3.68
13-09-2024	Milk	5.35	8.05	392	239	2.32
13-09-2024	Butter	1.22	7.11	333	190	0.8
14-09-2024	Potatoes	9.23	7.52	342	287	2.9
14-09-2024	Oranges	8.8	7.84	228	169	2.4
14-09-2024	Bread	2.5	7.57	130	264	2.72
14-09-2024	Fish	3.9	8.01	357	213	4.09
14-09-2024	Coffee	5.41	8.49	453	107	4.21
15-09-2024	Rice	1.87	8.27	386	161	4.88
15-09-2024	Rice	8.02	6.81	203	294	3.24
15-09-2024	Bananas	9.55	7.35	244	93	1.93
15-09-2024	Yogurt	2.05	7.37	195	266	3.33
15-09-2024	Oranges	8.68	7.49	257	182	3.92
16-09-2024	Sugar	8.01	7.73	135	180	2
16-09-2024	Chicken	4.12	8.5	90	294	0.48
16-09-2024	Chicken	8.66	7.06	145	108	2.11
17-09-2024	Oranges	4.15	6.59	155	147	1
17-09-2024	Bread	1.47	7.3	298	60	0.87
17-09-2024	Tea	7.89	6.89	462	212	3.11
19-09-2024	Fish	0.58	6.58	451	226	2.43
19-09-2024	Sugar	5.23	7.87	396	277	2.71
19-09-2024	Wheat	7.61	7.55	154	155	0.64
20-09-2024	Coffee	6.64	8.38	432	225	0.85
20-09-2024	Rice	3.94	7.45	118	285	0.64
20-09-2024	Milk	8.86	8.01	418	137	4.39
20-09-2024	Fish	8.87	7	128	287	0.58
21-09-2024	Tea	7.51	6.54	146	66	0.21
22-09-2024	Oranges	5.74	8.21	316	167	4.59
22-09-2024	Wheat	8.88	8.21	420	69	4.79
23-09-2024	Tea	1.31	8.19	354	183	2.85
23-09-2024	Fish	2.98	6.9	467	58	4.06
26-09-2024	Bananas	5.63	6.59	170	139	0.63
26-09-2024	Wheat	8.23	7.97	424	103	2.21
27-09-2024	Tomatoes	9.39	6.82	422	60	3.75
28-09-2024	Coffee	6.77	6.51	376	295	4.72
28-09-2024	Rice	7.88	6.96	282	80	0.8
28-09-2024	Oranges	4.87	8.01	70	148	1.25
29-09-2024	Bananas	0.85	7.49	410	230	3.07
29-09-2024	Oranges	5.84	7.46	220	84	3.6
30-09-2024	Potatoes	7.98	7.94	74	148	2.25
30-09-2024	Tomatoes	4.68	7.76	441	142	0.32
30-09-2024	Bananas	7.27	7.61	154	254	2.37
30-09-2024	Oranges	2.06	6.66	398	284	1.71
01-10-2024	Tomatoes	2.53	6.78	105	188	3.3
01-10-2024	Sugar	4.06	7.28	417	119	4.67
01-10-2024	Eggs	4.25	6.94	122	256	0.6
02-10-2024	Oranges	2.33	7.56	226	84	2.08
02-10-2024	Chicken	5.14	7.27	144	250	0.47
03-10-2024	Cheese	4.9	7.65	340	246	2.64
03-10-2024	Oranges	5.65	7.03	352	290	2.85
03-10-2024	Tea	6.09	7.83	113	283	1.34
04-10-2024	Bread	6.14	7.44	179	61	0.42
04-10-2024	Beef	0.85	8.17	247	89	2.74
04-10-2024	Potatoes	2.33	8.14	169	238	0.32
04-10-2024	Eggs	1.38	8.32	486	178	4.09
05-10-2024	Tomatoes	3.33	6.69	251	196	2.79
05-10-2024	Potatoes	3.74	8.34	464	97	1.13
05-10-2024	Rice	3.46	7.62	110	137	2.38
05-10-2024	Oranges	4.19	7.89	188	228	1.94
06-10-2024	Fish	7.02	7.78	293	282	4.71
06-10-2024	Cheese	8.62	6.67	488	183	2.5
06-10-2024	Cheese	9.68	7.37	169	107	1.37
06-10-2024	Wheat	2.78	6.67	341	194	0.32
06-10-2024	Bread	8.66	8.02	209	231	2.32
06-10-2024	Rice	3.05	6.92	337	253	2.49
07-10-2024	Coffee	7.72	8.14	456	173	0.2
07-10-2024	Oranges	9.76	8.24	312	101	3.92
07-10-2024	Tea	8.64	6.71	174	91	1.69
08-10-2024	Butter	7.38	6.95	392	273	1.76
09-10-2024	Tomatoes	7.96	7.35	430	55	1.58
10-10-2024	Bread	0.91	6.84	195	101	3.97
10-10-2024	Coffee	6.17	7.04	213	209	0.63
10-10-2024	Tea	8.92	6.72	467	218	0.52
11-10-2024	Tea	2.85	8.49	151	167	3.7
11-10-2024	Milk	2.34	8.41	377	77	4.83
12-10-2024	Beef	9.74	8.12	114	60	2.17
12-10-2024	Bread	5.37	7.79	452	120	4.64
12-10-2024	Bananas	6.55	6.68	420	182	1.45
13-10-2024	Bread	4.05	7.63	66	295	2.57
13-10-2024	Potatoes	4.74	8.49	259	252	1.39
14-10-2024	Coffee	2.49	7.4	335	57	1.94
14-10-2024	Rice	9.92	7.39	472	152	3.06
14-10-2024	Coffee	7.91	7.04	184	170	4.68
14-10-2024	Apples	4.77	7.35	251	245	2.14
14-10-2024	Cheese	3.32	7.03	75	235	4.81
15-10-2024	Apples	8.43	6.57	402	194	3.03
16-10-2024	Beef	1.93	6.63	52	129	3.54
16-10-2024	Fish	1.19	6.97	379	274	4.15
17-10-2024	Cheese	7.4	7.01	287	128	2.32
17-10-2024	Bananas	4.57	6.86	465	118	0.63
17-10-2024	Rice	2.84	7.67	496	291	1.18
17-10-2024	Cheese	2.02	8.26	133	156	0.68
17-10-2024	Apples	7.37	7.21	448	288	2.36
18-10-2024	Milk	7.28	6.79	425	100	2.22
18-10-2024	Wheat	9.62	7.58	459	99	0.13
18-10-2024	Tea	1.01	7.91	185	234	3.68
19-10-2024	Tomatoes	6.83	6.63	421	234	4.52
19-10-2024	Beef	3.97	8.35	452	91	0.25
19-10-2024	Cheese	0.97	7.21	430	201	3.4
20-10-2024	Chicken	0.64	7.77	207	260	3.99
20-10-2024	Coffee	7.42	7.33	477	200	3.03
20-10-2024	Potatoes	3.42	8.31	262	222	1.28
20-10-2024	Pork	9.94	7.37	380	257	3.44
20-10-2024	Tomatoes	7.88	6.71	441	250	1.48
20-10-2024	Apples	7.96	8.3	232	273	4.81
21-10-2024	Beef	4.84	6.74	315	167	1.65
21-10-2024	Cheese	0.71	8.44	194	118	0.71
22-10-2024	Pork	4.47	7.92	499	244	4.28
23-10-2024	Apples	9.15	8.33	84	72	2
23-10-2024	Rice	5.11	6.73	170	234	2.28
23-10-2024	Chicken	9.41	6.75	138	201	2.79
23-10-2024	Tea	5.25	6.72	359	264	1.72
24-10-2024	Rice	2.71	7.73	113	129	1.26
24-10-2024	Sugar	2.12	8.11	299	85	3.77
24-10-2024	Potatoes	8.84	7.83	293	152	2.58
24-10-2024	Coffee	2.45	8.28	340	65	0.15
25-10-2024	Pork	5.31	7.42	87	213	3.5
25-10-2024	Eggs	8.31	7.63	403	134	4.34
26-10-2024	Cheese	4.47	6.52	110	161	4.98
26-10-2024	Potatoes	5.95	7.13	391	231	0.42
26-10-2024	Fish	9.87	6.5	278	188	1.69
27-10-2024	Bread	2.27	7.01	287	277	0.22
28-10-2024	Fish	6.94	7.34	284	96	2.25
28-10-2024	Oranges	4.58	7.63	241	279	3.2
28-10-2024	Bananas	4.66	7.55	471	111	1.75
29-10-2024	Beef	7.07	6.85	467	82	0.61
29-10-2024	Yogurt	6.73	6.97	385	59	1
29-10-2024	Potatoes	6.23	8.37	121	80	3.25
29-10-2024	Sugar	4.29	7.93	240	275	1.1
29-10-2024	Coffee	1.96	7.45	65	135	4.69
29-10-2024	Tomatoes	6.66	7.1	360	136	4.25
30-10-2024	Tea	9.57	7.04	425	73	1.93
30-10-2024	Butter	6.37	7.31	73	57	4.27
30-10-2024	Beef	1.78	7.1	251	284	0.83
31-10-2024	Coffee	1.13	7.78	235	282	1.73
31-10-2024	Potatoes	1.14	7.28	148	252	3.87
31-10-2024	Coffee	9.44	6.59	237	211	0.2
01-11-2024	Rice	2.36	8.14	252	78	4.36
01-11-2024	Coffee	9.26	6.62	178	79	0.28
02-11-2024	Yogurt	4.07	6.82	500	174	0.5
02-11-2024	Eggs	6.13	7.45	333	191	3.66
02-11-2024	Chicken	7.45	6.73	130	80	4.35
03-11-2024	Pork	8.33	7.79	355	204	0.69
04-11-2024	Butter	5.52	7.24	382	120	1.13
04-11-2024	Tomatoes	4.57	7.68	294	212	3.11
04-11-2024	Milk	1.93	8.15	197	178	3.15
04-11-2024	Pork	6.79	7.64	197	128	2.95
05-11-2024	Butter	4.88	6.75	491	87	3.79
05-11-2024	Fish	4.99	6.59	58	195	3.43
05-11-2024	Fish	4.22	6.82	264	150	3
06-11-2024	Eggs	4.76	7.64	52	166	1.76
06-11-2024	Oranges	0.61	6.62	453	53	0.65
06-11-2024	Tomatoes	6.35	7.55	475	206	1.49
06-11-2024	Fish	7.35	7.24	328	224	1.02
07-11-2024	Potatoes	9.59	7.47	210	204	4.43
09-11-2024	Yogurt	8.99	7.91	270	291	3.3
10-11-2024	Butter	2.15	7.81	237	200	3.3
10-11-2024	Eggs	2.25	8.18	124	236	0.24
10-11-2024	Fish	7.48	7.68	149	183	1.75
10-11-2024	Butter	8.13	6.87	106	228	1
10-11-2024	Apples	3.85	7.03	398	158	1.46
10-11-2024	Beef	1.59	8.32	183	108	1.27
10-11-2024	Beef	9.02	8.15	301	77	1.41
11-11-2024	Eggs	9.74	6.96	203	299	3.74
11-11-2024	Potatoes	7.8	6.82	335	247	4.33
11-11-2024	Pork	2.57	7.21	190	113	3.6
12-11-2024	Bananas	9.83	6.84	95	260	3.57
12-11-2024	Sugar	5.94	6.97	203	70	2.03
12-11-2024	Rice	3.06	8.43	395	75	1.31
12-11-2024	Apples	1.81	8.39	175	148	2.15
12-11-2024	Potatoes	7.72	6.76	266	145	3.34
12-11-2024	Wheat	9.42	7.83	120	228	1.37
12-11-2024	Butter	8.77	7.59	332	218	1.56
12-11-2024	Rice	2.36	7.09	445	187	2.38
13-11-2024	Oranges	4.12	7.59	389	94	2.43
13-11-2024	Wheat	4.88	8.23	340	181	4.52
13-11-2024	Pork	3.81	7.11	472	135	2.64
13-11-2024	Rice	5.07	6.87	425	128	3.63
14-11-2024	Beef	9.47	7.24	110	204	4.28
14-11-2024	Eggs	5.29	8.06	259	165	0.91
14-11-2024	Bananas	0.61	6.73	112	175	3.24
14-11-2024	Butter	3.84	7.32	434	77	1.21
15-11-2024	Coffee	4.33	8.43	246	51	0.28
15-11-2024	Rice	3.95	6.65	65	192	0.66
16-11-2024	Butter	1.82	8.04	178	84	2.14
17-11-2024	Pork	1.52	6.88	66	196	3.24
17-11-2024	Fish	9.79	7.35	88	284	1.32
17-11-2024	Chicken	3.96	8.06	292	113	1.19
17-11-2024	Yogurt	4.58	7.03	311	129	0.84
18-11-2024	Yogurt	2.82	6.82	296	148	0.42
18-11-2024	Chicken	7.26	8.16	91	73	0.4
18-11-2024	Sugar	3.47	7.8	214	168	3.57
18-11-2024	Bread	1.93	7.95	250	198	4.72
18-11-2024	Beef	4.56	8	72	240	1.88
19-11-2024	Chicken	1.67	6.9	262	246	3.87
19-11-2024	Fish	1.87	7.77	139	296	4.84
19-11-2024	Yogurt	1.1	7.76	286	176	3.09
20-11-2024	Milk	7.71	8.19	83	124	2.41
20-11-2024	Beef	5.89	7.11	415	162	3.4
20-11-2024	Cheese	7.39	6.85	385	101	0.17
20-11-2024	Oranges	4.01	6.55	380	175	2.64
20-11-2024	Tea	8.42	6.79	189	70	2.27
21-11-2024	Tomatoes	4.48	6.82	282	274	3.97
21-11-2024	Beef	4.33	7.14	131	161	1.23
22-11-2024	Beef	5.15	8.03	95	83	3.11
22-11-2024	Coffee	3.97	6.88	226	202	3.31
22-11-2024	Pork	7.04	7.05	294	296	2.01
24-11-2024	Eggs	1.65	7.64	70	183	0.85
24-11-2024	Apples	7.72	8.46	463	284	3.69
24-11-2024	Fish	8.64	7.24	459	153	4.39
25-11-2024	Potatoes	4.5	6.75	137	203	1.7
25-11-2024	Potatoes	7.45	6.73	231	255	0.49
25-11-2024	Wheat	6.58	7.05	239	162	4.63
26-11-2024	Potatoes	2.97	7.49	166	211	0.96
26-11-2024	Yogurt	1.89	6.83	497	50	1.68
26-11-2024	Sugar	9.92	6.76	497	70	0.95
27-11-2024	Tomatoes	6.24	8.25	321	140	2.05
28-11-2024	Potatoes	8.69	7.53	208	241	2.08
29-11-2024	Apples	9.79	7.83	84	135	0.19
29-11-2024	Milk	2.39	7.47	52	149	3.9
29-11-2024	Cheese	2.81	6.73	313	95	2.76
29-11-2024	Tea	1.37	8.35	170	279	2.77
30-11-2024	Butter	7.47	7.34	458	125	1.52
30-11-2024	Tomatoes	7.8	7.83	304	198	1.15
30-11-2024	Milk	7.81	7.03	253	289	2.67
01-12-2024	Cheese	8.3	7.22	490	122	4.34
01-12-2024	Apples	3.06	6.6	85	74	4.75
02-12-2024	Yogurt	9.34	7.75	282	180	2.18
03-12-2024	Bananas	5.13	7.46	359	51	2.56
03-12-2024	Rice	4.68	7.43	233	172	3.22
04-12-2024	Yogurt	5.9	7.35	350	185	2.62
05-12-2024	Apples	2.76	8.37	269	161	4.83
06-12-2024	Fish	2.12	6.88	465	144	4.1
06-12-2024	Cheese	6.33	7.36	260	62	1.7
07-12-2024	Apples	4.38	7.18	343	242	2.3
08-12-2024	Yogurt	3.9	8.49	262	98	1.13
08-12-2024	Tea	3.12	7.91	282	122	0.9
08-12-2024	Wheat	6.19	6.51	183	276	1.3
08-12-2024	Milk	0.72	6.8	345	92	3.92
08-12-2024	Fish	1.79	8.39	80	114	0.53
09-12-2024	Milk	9.11	6.77	205	65	1.12
10-12-2024	Milk	9.69	7.69	470	89	4.2
10-12-2024	Fish	4.88	7.17	396	298	3.55
11-12-2024	Eggs	5.28	6.92	240	135	2.8
12-12-2024	Butter	0.87	6.68	380	275	4.6
12-12-2024	Apples	7.54	8.01	449	258	0.94
13-12-2024	Apples	8.6	6.67	121	172	3.82
14-12-2024	Bananas	4.86	6.94	204	223	2.65
14-12-2024	Oranges	5.96	7.02	258	179	0.62
14-12-2024	Eggs	3.71	6.92	283	111	1.91
14-12-2024	Apples	3.26	7.75	270	60	4.46
14-12-2024	Oranges	4.49	6.55	121	251	1.65
14-12-2024	Cheese	6.77	6.93	279	158	0.94
14-12-2024	Potatoes	0.66	7.49	276	203	1.48
15-12-2024	Sugar	6.26	6.86	412	287	2.58
15-12-2024	Yogurt	5.53	7.49	164	215	0.42
15-12-2024	Fish	1.24	7.91	237	267	3.38
16-12-2024	Rice	2.2	6.68	383	201	4.45
16-12-2024	Cheese	9.27	7.71	388	251	2.91
16-12-2024	Tomatoes	1.27	6.82	296	292	4.65
16-12-2024	Cheese	2.34	8.48	437	211	1.82
17-12-2024	Tomatoes	6.08	7.5	400	167	1.45
17-12-2024	Tea	1.87	8.21	265	112	1.13
17-12-2024	Fish	3.97	6.98	468	175	1.02
18-12-2024	Chicken	4.42	7.15	242	291	4.16
18-12-2024	Milk	8.94	8.06	63	86	4.95
19-12-2024	Bananas	5.17	8.35	252	298	3.74
19-12-2024	Coffee	3.25	7.45	118	237	1
19-12-2024	Pork	7.09	7.58	219	74	0.4
19-12-2024	Beef	4.5	7.17	381	281	0.59
19-12-2024	Apples	8.43	6.95	185	126	4.47
19-12-2024	Rice	1.29	6.83	430	256	3.22
19-12-2024	Sugar	6.98	7.74	467	71	2.31
20-12-2024	Apples	8.53	7.32	374	160	4.15
20-12-2024	Chicken	6.22	6.93	233	121	0.73
20-12-2024	Pork	3.57	7.09	65	102	2.93
21-12-2024	Wheat	6.04	8.49	467	98	1.78
21-12-2024	Coffee	8.47	7.47	310	249	4.61
22-12-2024	Butter	2.87	7.01	203	73	2.9
22-12-2024	Pork	6.31	6.72	423	300	3.18
22-12-2024	Rice	0.6	6.87	470	56	4.99
23-12-2024	Bread	1.7	7.41	106	233	3.56
24-12-2024	Sugar	8.03	6.9	388	177	2.5
24-12-2024	Wheat	7.57	7.59	358	147	0.55
24-12-2024	Bread	3.41	7.77	168	106	1.75
24-12-2024	Tea	1.25	7.75	417	109	4.43
24-12-2024	Tea	7.79	6.54	410	101	1.12
24-12-2024	Fish	6.22	7.08	132	86	2.78
24-12-2024	Bananas	2.79	7.89	315	95	4.17
25-12-2024	Bananas	5.14	7.39	495	171	2.98
25-12-2024	Fish	0.91	6.91	455	142	2
25-12-2024	Pork	5.86	7.96	54	202	0.27
26-12-2024	Beef	9.92	7.6	222	158	3.42
26-12-2024	Pork	7.64	8.03	270	259	1.46
27-12-2024	Wheat	4	7.79	266	239	4.39
27-12-2024	Oranges	6.28	8.09	167	133	3.62
28-12-2024	Tea	4.12	8.14	65	171	0.87
28-12-2024	Coffee	2.78	6.81	209	282	3.07
28-12-2024	Apples	8.1	6.9	262	144	0.99
29-12-2024	Tomatoes	4.02	7.11	422	140	4.16
29-12-2024	Bread	7.72	8.36	151	286	3.15
30-12-2024	Tea	7.94	8.4	101	104	2.59
31-12-2024	Fish	6.65	7.93	303	184	3.18
01-01-2025	Potatoes	1.08	7.45	136	196	0.35
01-01-2025	Coffee	4.01	7.25	195	138	1.82
01-01-2025	Beef	5.28	6.52	476	158	3.43
01-01-2025	Milk	4.59	8.31	114	70	0.97
02-01-2025	Cheese	6.25	6.65	404	169	2.44
02-01-2025	Milk	4.06	6.61	381	121	0.49
03-01-2025	Yogurt	7.81	7.83	307	246	4.88
03-01-2025	Apples	6.3	8.03	321	238	3.18
03-01-2025	Butter	1.28	6.58	50	260	4.62
04-01-2025	Yogurt	6.36	7.71	363	109	3.02
04-01-2025	Eggs	7.49	8.09	149	262	3.07
04-01-2025	Coffee	9.96	6.55	195	192	3.75
04-01-2025	Eggs	3.43	7.47	301	287	4.8
05-01-2025	Oranges	3.96	6.52	172	267	4.82
05-01-2025	Yogurt	1.97	8.04	177	90	2.55
05-01-2025	Rice	4.34	7.5	124	292	2.34
05-01-2025	Pork	9.42	7.34	57	178	0.37
06-01-2025	Eggs	4.17	7.58	194	56	4.57
06-01-2025	Sugar	7.42	7.16	98	292	2.08
07-01-2025	Yogurt	7.83	7.26	303	215	3.33
08-01-2025	Sugar	6.42	7.79	279	228	2.24
08-01-2025	Pork	5.62	8.31	390	113	4.03
08-01-2025	Bananas	3.59	7.32	387	182	3.43
09-01-2025	Potatoes	2.64	7.18	251	218	0.77
09-01-2025	Tomatoes	4.91	7.62	273	158	3.27
09-01-2025	Tomatoes	2.22	6.84	310	260	1.44
09-01-2025	Oranges	7.79	8.36	241	282	1.27
09-01-2025	Pork	0.72	6.56	111	103	1.01
10-01-2025	Eggs	2.21	7.15	454	97	1.85
10-01-2025	Pork	9.07	8.43	450	211	2.9
10-01-2025	Pork	4.09	8.03	320	215	0.41
10-01-2025	Tomatoes	6.47	6.74	395	278	2.61
11-01-2025	Tomatoes	0.88	8.36	169	245	4.68
12-01-2025	Butter	4.72	8.11	360	132	2.07
12-01-2025	Fish	9.91	7.17	365	207	4.47
13-01-2025	Fish	7.87	6.9	431	140	2.68
14-01-2025	Potatoes	5.8	7.65	166	283	1.37
14-01-2025	Butter	5.81	8.06	496	117	2.96
14-01-2025	Rice	9.64	7.35	310	288	3.68
14-01-2025	Rice	2.82	7.98	270	142	1.11
14-01-2025	Fish	2.9	7.25	222	173	3.42
15-01-2025	Rice	4.76	7.17	363	167	1.8
15-01-2025	Rice	8.22	8.01	100	84	3.99
16-01-2025	Rice	7.87	7.51	425	97	4.43
16-01-2025	Yogurt	6.75	7.16	72	217	3.15
16-01-2025	Potatoes	6.97	8.27	51	290	2.19
16-01-2025	Cheese	5.35	7.3	449	262	3.53
17-01-2025	Potatoes	9.04	7.47	274	193	1.54
17-01-2025	Chicken	0.51	7.42	459	175	3.42
18-01-2025	Cheese	9.85	6.67	493	298	2.57
18-01-2025	Rice	9.39	7.39	307	96	2.37
18-01-2025	Beef	8.07	8.27	122	167	1.91
19-01-2025	Eggs	5.35	7.33	287	219	3.63
19-01-2025	Rice	7.28	7.48	410	245	4.72
19-01-2025	Sugar	6.92	7.32	271	72	3.05
20-01-2025	Cheese	4.73	7.65	405	130	2.66
20-01-2025	Fish	6.37	7.64	186	287	2.81
20-01-2025	Chicken	1.54	7.94	317	115	3.48
21-01-2025	Butter	7.98	6.85	283	241	2.94
21-01-2025	Coffee	9.03	7.09	79	210	4.1
21-01-2025	Butter	5.25	7.72	108	87	2.05
22-01-2025	Eggs	8.31	6.85	257	67	3.03
22-01-2025	Bread	9.46	6.67	211	152	4.91
22-01-2025	Yogurt	9.89	7.39	499	134	0.76
22-01-2025	Butter	3.72	7.93	452	85	1.46
23-01-2025	Cheese	3.04	6.8	403	273	2.63
23-01-2025	Oranges	9.49	8.14	437	217	0.16
23-01-2025	Tea	0.61	7.99	95	131	2.98
23-01-2025	Cheese	1.08	8.19	360	250	2
24-01-2025	Yogurt	5.99	6.89	398	274	1.65
24-01-2025	Yogurt	4.51	7.6	183	147	3.28
24-01-2025	Tea	3.22	8.35	130	286	4.38
24-01-2025	Pork	9.63	7.14	414	252	4.75
24-01-2025	Wheat	1.6	7.11	333	51	3.99
24-01-2025	Wheat	2.39	8.17	220	198	1.26
25-01-2025	Oranges	1.42	7.19	232	155	1.82
25-01-2025	Fish	7.68	7.11	157	188	3.23
25-01-2025	Bread	9.29	8.45	153	256	1.62
26-01-2025	Rice	9.15	8.01	222	286	4.16
26-01-2025	Tomatoes	7.42	7.72	285	200	2.16
26-01-2025	Chicken	9.18	6.59	243	245	3.03
26-01-2025	Butter	4.19	8.35	384	235	0.34
28-01-2025	Tea	5.76	8.16	342	178	1.6
28-01-2025	Beef	6.11	6.83	101	177	1.05
28-01-2025	Yogurt	8.57	7.39	168	75	4.25
29-01-2025	Chicken	7.57	7.89	125	205	1.53
29-01-2025	Tomatoes	2.77	8.33	156	298	3.85
29-01-2025	Tea	4.21	6.89	443	298	3.32
30-01-2025	Bread	4.7	7.13	400	232	1.85
30-01-2025	Cheese	1.7	6.95	284	262	0.64
31-01-2025	Tomatoes	7.26	7.69	446	259	0.96
31-01-2025	Tea	4.15	6.95	267	204	0.14
31-01-2025	Coffee	7.69	7.74	80	85	1.94
31-01-2025	Oranges	1.63	7.07	64	164	3.06
31-01-2025	Butter	7.96	7.62	217	228	1.54
01-02-2025	Butter	3.52	7.98	233	283	3
01-02-2025	Oranges	1.33	6.71	372	240	3.05
01-02-2025	Wheat	1.23	6.75	142	122	0.31
01-02-2025	Fish	8	7.12	488	74	0.44
02-02-2025	Chicken	8.6	6.62	331	297	0.36
02-02-2025	Chicken	4.85	6.89	233	299	1.42
02-02-2025	Chicken	6.42	6.66	301	168	3.05
03-02-2025	Butter	9.21	7.13	335	186	4.75
03-02-2025	Yogurt	8.88	7.22	452	279	0.17
04-02-2025	Fish	2.81	6.84	387	229	0.54
04-02-2025	Rice	9.3	7.48	160	253	2.12
05-02-2025	Potatoes	7.81	7.88	391	247	3.87
06-02-2025	Wheat	1.33	7.27	264	101	3.25
06-02-2025	Beef	7.9	7.48	373	95	1.64
06-02-2025	Cheese	4.88	7.6	198	221	0.43
06-02-2025	Tea	9.36	7.58	81	257	0.23
07-02-2025	Eggs	8.54	8.22	87	145	3.55
08-02-2025	Yogurt	2.36	6.74	486	150	1.16
08-02-2025	Sugar	2.5	6.82	476	155	0.21
08-02-2025	Eggs	4.35	7.73	475	240	0.14
08-02-2025	Eggs	0.84	7.52	382	139	2.21
08-02-2025	Bananas	7.7	8.23	71	97	2.08
08-02-2025	Sugar	4.15	6.8	369	197	4.59
09-02-2025	Tea	7.31	6.58	87	63	0.97
09-02-2025	Chicken	5.5	6.84	67	219	1.85
09-02-2025	Sugar	1.07	6.53	160	169	4.11
09-02-2025	Wheat	3.86	6.71	215	230	2.44
09-02-2025	Fish	8.35	7.01	415	212	1.05
10-02-2025	Tomatoes	6.23	7.08	54	182	2.97
10-02-2025	Chicken	3.07	8.08	378	300	1.32
10-02-2025	Milk	5.18	7.59	318	156	3.24
11-02-2025	Beef	0.87	7.88	364	147	3.19
12-02-2025	Eggs	0.73	7.75	110	238	4.26
12-02-2025	Bananas	8.3	6.54	360	58	4.22
12-02-2025	Yogurt	4.14	7.67	416	175	0.81
13-02-2025	Chicken	2.39	8.16	198	191	2.5
14-02-2025	Eggs	9.5	7.73	218	83	3.06
15-02-2025	Pork	9.18	7.39	62	254	2.47
15-02-2025	Bananas	7.7	7.28	320	236	1.49
15-02-2025	Coffee	6.2	8.31	249	66	4.99
16-02-2025	Pork	7.29	7.63	381	260	2.61
16-02-2025	Coffee	8.87	8.48	328	60	2.65
17-02-2025	Pork	4.41	7.62	252	113	0.9
17-02-2025	Pork	7.39	6.59	57	292	0.85
18-02-2025	Cheese	2.79	6.7	77	190	4.36
18-02-2025	Coffee	6.16	7.49	154	80	2.85
19-02-2025	Sugar	9.98	7.02	264	153	2
19-02-2025	Eggs	1	7.43	293	127	2.43
19-02-2025	Tea	0.91	7.98	325	95	0.87
20-02-2025	Yogurt	3.35	8.44	153	177	3.21
20-02-2025	Pork	9.51	8.42	186	80	2.16
21-02-2025	Rice	3.22	6.81	378	58	3.06
21-02-2025	Sugar	8.45	7.04	351	148	1.57
21-02-2025	Oranges	9.27	8.46	339	229	4.67
21-02-2025	Sugar	3.14	6.83	367	65	2.27
21-02-2025	Pork	5.11	8.41	298	172	2.9
21-02-2025	Yogurt	2.25	7.29	242	292	1.4
21-02-2025	Bread	9.03	7.63	291	185	4.98
22-02-2025	Apples	4.49	8.07	305	145	2.37
22-02-2025	Pork	7.7	6.63	274	271	3.12
22-02-2025	Cheese	2.94	8.01	93	300	0.71
22-02-2025	Sugar	1.39	6.86	144	258	4.33
23-02-2025	Cheese	7.94	7.56	82	182	4.2
23-02-2025	Sugar	8.24	6.73	268	295	3.66
23-02-2025	Tomatoes	8.49	8.25	392	174	2.5
23-02-2025	Cheese	5.9	8.48	157	50	4.96
23-02-2025	Bread	2.21	8.25	459	82	1.28
23-02-2025	Yogurt	5.48	6.53	402	146	1.74
24-02-2025	Pork	8.72	7.35	103	102	2.73
24-02-2025	Butter	5.25	6.84	149	218	3.72
24-02-2025	Eggs	7.01	8.36	157	196	3.39
24-02-2025	Oranges	1.76	6.94	107	197	0.11
25-02-2025	Yogurt	3.08	7.43	54	67	2
26-02-2025	Tomatoes	7.59	7.26	270	269	1.11
26-02-2025	Potatoes	0.59	7.53	129	218	0.72
26-02-2025	Apples	1.64	8.12	452	263	3.23
27-02-2025	Coffee	6.46	6.6	238	106	3.22
28-02-2025	Coffee	6.17	7.57	227	175	3.38
01-03-2025	Yogurt	1.99	8.09	363	281	0.93
02-03-2025	Coffee	2.5	7.51	460	131	4.43
02-03-2025	Eggs	1.9	8.5	114	88	3.64
03-03-2025	Yogurt	5.96	6.68	271	124	3.95
03-03-2025	Beef	9.47	7.63	138	182	4.35
04-03-2025	Rice	0.96	6.73	277	147	0.71
04-03-2025	Tomatoes	0.73	7.76	402	113	0.27
04-03-2025	Fish	6.31	6.69	178	252	3.03
04-03-2025	Wheat	7.63	8.05	171	172	2.72
05-03-2025	Chicken	9.18	8.3	263	300	0.32
06-03-2025	Milk	5.47	7.72	175	170	3.19
06-03-2025	Oranges	2.26	8.24	370	168	3.55
06-03-2025	Sugar	7.75	6.8	486	286	3.32
06-03-2025	Oranges	5.03	8.24	69	124	0.89
07-03-2025	Chicken	5.07	6.9	252	216	2.9
07-03-2025	Yogurt	9.3	8.24	469	123	0.17
07-03-2025	Rice	7.11	7.35	77	229	0.62
08-03-2025	Tomatoes	9.61	7.5	211	242	2.01
08-03-2025	Rice	4.01	7.06	342	159	3.69
09-03-2025	Potatoes	4.22	7.9	104	168	2.14
09-03-2025	Cheese	4.92	6.74	392	207	1.46
09-03-2025	Tea	6.97	7.01	169	59	4.07
10-03-2025	Potatoes	1.92	8.42	137	292	2.88
10-03-2025	Fish	1.29	7.88	114	118	1.44
10-03-2025	Yogurt	5.1	7.04	315	236	3.24
11-03-2025	Yogurt	6.26	7.14	246	157	4.9
11-03-2025	Yogurt	3.76	6.87	267	103	2.15
11-03-2025	Pork	1.32	8.04	125	171	2.17
11-03-2025	Tea	2.63	8.45	253	247	1.24
11-03-2025	Eggs	8.72	7.01	320	81	4.46
11-03-2025	Fish	3.3	6.78	270	153	2.86
12-03-2025	Milk	3.16	7.81	202	247	0.27
13-03-2025	Rice	4.31	7.76	210	197	0.5
13-03-2025	Pork	9.56	7.2	332	216	1.54
13-03-2025	Cheese	2.07	7.44	315	230	0.53
14-03-2025	Sugar	9.08	6.6	246	63	0.52
14-03-2025	Tea	9.46	8.21	374	165	3.23
14-03-2025	Eggs	4.72	7.36	184	72	4.34
14-03-2025	Bread	5.59	7.28	489	153	2.52
15-03-2025	Yogurt	4.39	6.97	252	136	2.75
15-03-2025	Fish	7.5	7.57	488	78	2.84
15-03-2025	Milk	1.35	6.65	474	78	2.97
16-03-2025	Pork	3.72	7.69	256	81	1.24
16-03-2025	Coffee	3.99	7.5	189	147	0.22
16-03-2025	Milk	3.26	6.56	231	113	4.08
17-03-2025	Sugar	7.83	7.41	99	221	4.3
17-03-2025	Apples	5.07	7.54	374	212	2.19
17-03-2025	Bananas	9.71	8.41	301	126	1.08
18-03-2025	Coffee	8.08	7.69	457	51	2.79
18-03-2025	Butter	6.14	7.55	498	230	3.96
18-03-2025	Potatoes	3.88	7.46	367	163	1.01
18-03-2025	Milk	7.32	6.68	271	252	3.46
19-03-2025	Bread	1.54	7.41	499	60	4.4
19-03-2025	Chicken	5.24	8.45	193	241	1.87
19-03-2025	Cheese	0.67	7.29	56	93	3.31
19-03-2025	Bananas	3.58	8.39	331	117	3.64
19-03-2025	Butter	9.57	7.24	236	54	1.58
19-03-2025	Oranges	8.6	6.79	224	186	1.83
20-03-2025	Wheat	3.08	6.67	499	110	1.92
20-03-2025	Oranges	3.56	6.7	300	75	3.49
20-03-2025	Beef	3.92	8.41	434	127	2.53
21-03-2025	Apples	8.84	7.43	233	248	1.6
21-03-2025	Cheese	2.76	6.58	125	291	4.43
22-03-2025	Chicken	6.64	6.5	293	51	4.52
22-03-2025	Pork	2.83	6.85	177	127	1.5
22-03-2025	Beef	5.98	7.38	297	124	4.5
23-03-2025	Bananas	8.94	7.28	263	291	4.97
23-03-2025	Apples	9.17	8.03	333	66	3.31
23-03-2025	Potatoes	5.46	7.73	240	194	3.29
23-03-2025	Wheat	1.32	7.23	251	128	0.53
24-03-2025	Tea	9.69	6.9	491	250	2.46
24-03-2025	Pork	5.18	6.98	270	104	3.1
25-03-2025	Cheese	8.17	6.58	64	206	4.48
25-03-2025	Eggs	1.29	7.39	61	237	4.2
26-03-2025	Pork	2.28	7.14	166	91	2.03
26-03-2025	Wheat	7.11	8.21	200	83	2.65
27-03-2025	Bread	1.96	7.18	297	237	4.38
27-03-2025	Coffee	2.6	8.25	324	102	3.92
27-03-2025	Milk	8.89	8.18	135	292	3.21
28-03-2025	Tomatoes	2.53	7.52	209	183	1.77
28-03-2025	Chicken	0.9	7.32	500	188	4.27
28-03-2025	Milk	3.66	6.56	496	300	4.64
28-03-2025	Oranges	6.22	6.83	301	172	2.85
29-03-2025	Fish	3.26	6.82	241	134	2.13
31-03-2025	Oranges	6.37	6.94	232	73	1.7
01-04-2025	Bread	1.85	6.87	365	263	1.34
01-04-2025	Apples	4.08	7.93	426	235	1.97
01-04-2025	Bananas	1.15	8.24	197	69	2.72
01-04-2025	Rice	3.61	8.15	297	193	0.82
02-04-2025	Sugar	5.65	6.85	69	73	0.38
02-04-2025	Rice	5.83	8.29	151	69	3.64
02-04-2025	Eggs	4.62	7.41	455	252	1.8
02-04-2025	Pork	7.31	8.16	57	155	0.62
02-04-2025	Oranges	3.42	8.08	491	124	2.61
03-04-2025	Yogurt	1.67	6.79	61	97	0.79
03-04-2025	Eggs	7.36	7.23	386	136	0.8
03-04-2025	Milk	7.59	7.48	370	261	2.42
03-04-2025	Beef	6.03	8.41	161	80	4.73
04-04-2025	Bread	1.6	7.12	72	225	4.26
04-04-2025	Rice	4.66	7.76	353	89	0.24
04-04-2025	Eggs	2.08	7.38	108	59	4.44
04-04-2025	Chicken	8.11	7.42	134	167	0.1
04-04-2025	Wheat	3.15	7.61	266	67	0.42
04-04-2025	Eggs	7.5	6.88	82	82	1.08
05-04-2025	Potatoes	0.69	7.44	61	131	1.95
05-04-2025	Wheat	2.42	7.05	64	116	3.97
05-04-2025	Milk	5.2	7.22	479	103	2.01
05-04-2025	Coffee	8.33	8.25	351	126	2.91
05-04-2025	Sugar	5.8	7.42	214	214	1.91
06-04-2025	Cheese	7.2	7.62	446	102	0.78
06-04-2025	Bananas	9.65	7.44	420	167	1.46
06-04-2025	Chicken	6.99	7.98	483	118	3.97
07-04-2025	Chicken	4.42	7.9	433	181	1.56
07-04-2025	Tomatoes	3.95	7.59	266	300	4.73
08-04-2025	Rice	3.45	7.68	147	266	2
08-04-2025	Cheese	4.12	6.89	290	293	0.71
08-04-2025	Potatoes	3.1	6.61	342	260	0.25
08-04-2025	Tea	4.4	8.01	121	63	0.66
08-04-2025	Bananas	1.07	7.66	448	245	3.94
09-04-2025	Wheat	4.37	7.9	335	171	0.86
09-04-2025	Tomatoes	4.01	7.57	54	196	1.73
10-04-2025	Pork	7.16	7.85	426	210	3.7
11-04-2025	Yogurt	1.9	8.4	279	94	4.75
11-04-2025	Wheat	2.75	6.88	203	269	4.18
11-04-2025	Eggs	1.42	6.94	106	196	1.52
11-04-2025	Potatoes	8.33	7.97	321	51	3.31
11-04-2025	Wheat	8.25	6.53	167	94	4.46
12-04-2025	Tomatoes	4.5	6.7	316	119	3.15
12-04-2025	Sugar	1.68	7.83	197	156	0.98
12-04-2025	Apples	3.63	7.67	249	256	3.77
12-04-2025	Butter	4.76	7.52	429	109	2.57
12-04-2025	Tomatoes	5.93	6.7	82	232	4.55
12-04-2025	Wheat	6.07	8.32	385	259	1.03
13-04-2025	Pork	3.84	7.58	471	261	3.45
14-04-2025	Chicken	2.28	7.22	417	259	0.68
14-04-2025	Tomatoes	2.89	6.57	367	73	0.38
14-04-2025	Pork	2.05	8.06	195	215	3.79
14-04-2025	Wheat	2.78	8.24	190	275	3.18
14-04-2025	Sugar	6.53	7.24	79	216	1.99
14-04-2025	Butter	3.77	7.18	93	276	1.91
14-04-2025	Eggs	1.36	6.55	335	224	2.03
15-04-2025	Beef	2.03	7.07	388	227	3.53
15-04-2025	Fish	8.15	8.48	339	232	4.48
15-04-2025	Butter	6.43	7.75	442	209	2.91
15-04-2025	Milk	7.95	7.22	311	130	4.86
16-04-2025	Tomatoes	4.27	6.78	166	281	2.25
17-04-2025	Wheat	8.43	7.1	421	223	1.65
17-04-2025	Oranges	2.16	7.91	62	54	2.87
18-04-2025	Pork	9.15	6.81	199	231	2.26
18-04-2025	Cheese	1.31	8.41	327	197	3.81
18-04-2025	Coffee	3.77	8.45	377	282	1.09
18-04-2025	Bananas	9.57	7.15	211	287	1.23
18-04-2025	Bananas	7.13	7.71	83	195	1.39
18-04-2025	Fish	3.49	8.34	187	228	4.71
19-04-2025	Oranges	5.85	8.04	437	136	4.81
19-04-2025	Bananas	6.22	8.28	199	83	3.07
19-04-2025	Wheat	3.53	7.77	150	172	0.67
19-04-2025	Beef	1.81	7.91	311	136	4.92
20-04-2025	Chicken	9.29	6.99	258	222	2.97
20-04-2025	Beef	4.06	7.57	400	265	4.48
20-04-2025	Potatoes	8.4	7.3	323	77	4.65
20-04-2025	Chicken	8.67	6.53	441	50	1.94
21-04-2025	Potatoes	2.86	6.69	394	241	4.12
21-04-2025	Butter	5.04	8.16	303	124	3.55
21-04-2025	Butter	6.16	6.76	405	199	2.53
21-04-2025	Yogurt	1.7	8.31	108	73	4.03
22-04-2025	Yogurt	4.27	6.7	311	219	4.84
22-04-2025	Oranges	0.9	8.03	115	219	3.48
23-04-2025	Apples	2.98	6.71	225	93	4.45
23-04-2025	Butter	2.53	7.36	170	123	1.29
24-04-2025	Pork	6.12	8.17	192	53	3.68
24-04-2025	Chicken	1.09	8.1	78	127	3.09
24-04-2025	Bananas	1.84	6.99	56	195	4.17
24-04-2025	Chicken	6.89	8.02	55	213	0.67
24-04-2025	Eggs	8.22	7.84	279	77	0.83
25-04-2025	Wheat	8.32	7.03	70	237	0.44
25-04-2025	Yogurt	0.6	8.32	146	191	1.09
26-04-2025	Bread	3.53	7.28	374	221	2.04
26-04-2025	Wheat	7.73	6.68	131	73	3.12
27-04-2025	Tea	7.76	7.75	346	81	0.52
28-04-2025	Bread	8.77	6.52	458	164	1.97
28-04-2025	Bananas	8.06	8.1	482	91	3.15
28-04-2025	Wheat	6.84	8.2	158	107	3.91
28-04-2025	Oranges	4.51	8.43	100	278	1.38
28-04-2025	Yogurt	5.8	7.74	452	54	3.88
29-04-2025	Apples	8.27	7.11	193	265	2.51
29-04-2025	Coffee	3.31	6.6	89	284	0.32
29-04-2025	Sugar	3.48	8.5	147	108	2.98
29-04-2025	Eggs	8.42	8.03	307	101	0.47
29-04-2025	Tomatoes	8.52	6.86	486	286	1.27
30-04-2025	Apples	6.36	7.11	349	89	2.87
30-04-2025	Chicken	5.29	7.76	451	150	4.23
01-05-2025	Milk	7.67	8.44	223	70	2.12
01-05-2025	Wheat	3.57	7.61	410	268	2.31
01-05-2025	Wheat	5.43	6.69	432	82	2.19
01-05-2025	Tomatoes	6.24	6.88	165	195	2.14
03-05-2025	Wheat	8.45	8.12	378	219	3.61
03-05-2025	Beef	9.67	7.37	404	196	2.01
03-05-2025	Eggs	7.77	7.91	482	83	2.37
04-05-2025	Apples	3.74	7.95	365	295	0.24
04-05-2025	Bananas	1.13	6.8	480	57	1.76
04-05-2025	Butter	8.78	7.91	435	240	3.83
04-05-2025	Sugar	6.76	7.54	212	118	1.06
04-05-2025	Beef	6.99	6.7	347	217	2.15
05-05-2025	Yogurt	7.49	7.26	210	150	3.1
05-05-2025	Cheese	1.92	7.66	86	59	3.7
05-05-2025	Butter	7.6	6.55	282	168	3.88
05-05-2025	Yogurt	0.6	7.27	457	159	4.41
05-05-2025	Tomatoes	7.44	7.83	357	76	4.46
06-05-2025	Butter	6.84	7.05	431	224	2.86
07-05-2025	Rice	7.69	7.82	281	186	1.53
07-05-2025	Chicken	2.4	6.84	207	70	1
07-05-2025	Coffee	3.15	7.7	392	218	1.02
07-05-2025	Potatoes	9.31	7.41	331	199	4.12
07-05-2025	Rice	3	8.18	429	188	4.12
08-05-2025	Wheat	3.28	7.3	471	235	3.87
09-05-2025	Oranges	4.79	7.31	211	54	2.01
09-05-2025	Bread	9.03	7.98	236	220	0.26
10-05-2025	Bread	1.23	8.07	179	83	3.12
10-05-2025	Tomatoes	2.47	7.9	307	191	4.17
11-05-2025	Pork	7.44	8.4	214	243	4.18
11-05-2025	Rice	9.09	7.82	475	134	4.92
12-05-2025	Chicken	8.55	7.87	455	290	1.67
12-05-2025	Bread	1.16	6.61	315	52	0.94
13-05-2025	Beef	6.21	6.93	157	293	1.04
13-05-2025	Bananas	6.77	6.5	178	85	1.82
13-05-2025	Fish	8.3	7.08	474	114	2.01
14-05-2025	Tea	5.47	7.85	111	86	2.03
14-05-2025	Eggs	5.65	7.07	143	115	3.86
14-05-2025	Sugar	6.16	7.45	248	130	0.69
15-05-2025	Potatoes	6.76	6.85	486	60	4.82
15-05-2025	Wheat	4.69	8.48	337	174	2.34
15-05-2025	Cheese	2.57	6.62	90	120	4.5
16-05-2025	Bananas	2.6	7.94	56	288	4.61
16-05-2025	Milk	5.17	8.36	362	150	0.97
16-05-2025	Beef	5.29	8.36	499	169	0.75
16-05-2025	Rice	3.53	8.45	290	176	0.9
17-05-2025	Milk	3.87	8.47	303	54	3.15
17-05-2025	Beef	1.01	7.56	167	238	3.82
18-05-2025	Tea	5.11	6.64	330	218	1.29
18-05-2025	Cheese	2.69	8.39	321	92	1.93
19-05-2025	Milk	0.67	7.24	176	103	4.73
19-05-2025	Wheat	1.37	7.65	50	206	0.97
20-05-2025	Eggs	9.76	8.06	362	250	4.31
20-05-2025	Oranges	8.8	7.64	115	250	2.63
20-05-2025	Apples	2.71	8.1	310	292	2.09
21-05-2025	Pork	9.53	7.74	293	193	4.14
21-05-2025	Yogurt	2.82	6.58	214	147	4.59
21-05-2025	Bread	8.7	6.74	158	166	2.42
22-05-2025	Tomatoes	7.85	7.07	135	158	1.54
22-05-2025	Cheese	6.61	7.5	477	257	2.3
22-05-2025	Chicken	2.47	7.45	494	184	4.93
22-05-2025	Butter	9.21	8.37	92	88	4.49
22-05-2025	Potatoes	7.16	8.22	246	242	2.74
23-05-2025	Butter	1.95	8.05	155	128	0.99
24-05-2025	Fish	4.1	6.71	113	94	2.68
24-05-2025	Cheese	4.68	8.21	464	213	0.1
25-05-2025	Bread	6.93	6.77	420	59	2.35
25-05-2025	Pork	8.73	7.82	240	208	2.13
26-05-2025	Cheese	7.79	7.7	416	218	1.88
26-05-2025	Beef	1.91	7.81	68	87	4.28
26-05-2025	Apples	9.6	8	494	229	1
27-05-2025	Fish	3.32	7.57	175	235	3.92
27-05-2025	Oranges	8.15	7.26	292	85	4.25
27-05-2025	Milk	4.89	8.2	130	214	3.9
28-05-2025	Butter	7.42	8.34	223	226	0.65
28-05-2025	Apples	8.78	8.36	442	286	3.04
28-05-2025	Bread	8.93	7.64	455	299	4.3
29-05-2025	Yogurt	5.62	6.5	446	223	3.28
29-05-2025	Pork	5.78	8.19	234	265	2.14
29-05-2025	Tea	0.98	7.42	326	266	0.94
30-05-2025	Beef	1.41	7.21	412	160	4.41
30-05-2025	Oranges	7.8	6.74	164	245	3.18
31-05-2025	Chicken	0.78	7.98	475	67	2.54
31-05-2025	Beef	8.5	7.26	93	126	3.02
01-06-2025	Yogurt	6.14	6.63	436	155	0.79
01-06-2025	Sugar	2.12	6.54	402	259	1.88
02-06-2025	Butter	9.79	7.98	136	66	1.88
02-06-2025	Sugar	7.41	7.1	467	218	4.57
02-06-2025	Butter	3.28	6.99	174	254	3.86
02-06-2025	Bananas	3.41	7.43	145	242	0.21
02-06-2025	Bananas	3.14	7.06	382	256	4.93
03-06-2025	Tomatoes	6.33	8.44	215	107	2.27
03-06-2025	Milk	5.04	8.48	87	194	0.91
03-06-2025	Yogurt	4.7	7.34	374	189	0.49
03-06-2025	Bread	5.3	8.34	445	107	3.68
04-06-2025	Tea	8.6	7.65	317	59	4.71
05-06-2025	Fish	6.76	7.99	417	153	1.48
06-06-2025	Milk	1.02	8.16	382	77	1.73
07-06-2025	Butter	9.51	7.82	124	238	3.69
08-06-2025	Oranges	1.11	7.27	293	77	1.71
09-06-2025	Rice	6.35	7.16	231	77	0.13
10-06-2025	Eggs	7.21	8.35	274	254	2.34
10-06-2025	Bananas	0.99	7.36	331	96	2.24
11-06-2025	Wheat	5.21	8.34	377	107	3.5
11-06-2025	Bread	4.01	7.08	211	165	3.41
11-06-2025	Eggs	3.31	6.61	288	282	1.99
11-06-2025	Bread	3.31	7.57	237	198	1.98
12-06-2025	Milk	0.65	7.84	132	230	2.35
13-06-2025	Pork	8.05	7.62	403	262	4.77
13-06-2025	Beef	0.72	8.28	326	201	1.37
13-06-2025	Oranges	3.24	7.57	221	245	2.37
13-06-2025	Butter	2.1	7.92	493	253	2.49
13-06-2025	Rice	4.56	7.2	232	242	2.32
14-06-2025	Cheese	5.38	6.91	229	190	1.66
14-06-2025	Eggs	2.08	6.8	409	163	4.82
14-06-2025	Apples	4.2	8.44	137	153	4.74
15-06-2025	Sugar	8.49	6.77	464	114	2.36
16-06-2025	Milk	7.95	7.14	162	294	1
16-06-2025	Yogurt	7	8.01	121	164	0.88
16-06-2025	Milk	7	7.58	346	129	3.1
16-06-2025	Pork	5.58	6.5	227	211	3.07
17-06-2025	Butter	4.76	8.21	278	130	0.68
17-06-2025	Pork	1.93	7.5	310	135	0.36
18-06-2025	Wheat	1.71	7.68	118	211	2.61
18-06-2025	Milk	1.86	7.35	282	282	3.26
18-06-2025	Bread	5.98	7.49	433	59	3.97
20-06-2025	Chicken	5.22	8.25	316	293	3.17
21-06-2025	Cheese	5.98	6.57	69	195	2.47
21-06-2025	Bread	2.43	8.44	241	188	4.93
21-06-2025	Coffee	1.24	7.09	470	181	2.8
21-06-2025	Bread	1.84	7.17	54	197	3.36
22-06-2025	Bananas	6.31	8.23	500	264	3.66
22-06-2025	Milk	2.5	7.29	98	66	4.69
22-06-2025	Apples	1.98	8.44	329	299	2.59
22-06-2025	Potatoes	5.05	6.84	487	199	3.26
22-06-2025	Rice	8.17	6.89	414	69	0.43
22-06-2025	Tomatoes	4.81	7.15	217	101	0.63
23-06-2025	Eggs	5.97	6.73	441	111	1.87
23-06-2025	Sugar	3.24	7.85	492	270	0.4
24-06-2025	Oranges	7.87	8.26	93	59	2.73
24-06-2025	Tomatoes	7.63	6.96	425	134	1.78
24-06-2025	Butter	5.59	6.86	371	99	1.38
24-06-2025	Bananas	7.68	7.28	422	208	1.73
24-06-2025	Butter	7.62	7.83	97	127	1.07
25-06-2025	Apples	1.71	7.88	80	121	0.77
25-06-2025	Wheat	1.84	7	339	52	0.73
26-06-2025	Butter	8.73	6.61	413	127	2.34
26-06-2025	Yogurt	5.54	6.89	68	300	1.97
26-06-2025	Wheat	0.85	6.88	342	140	0.18
27-06-2025	Sugar	9.05	6.78	332	79	1.61
27-06-2025	Milk	3.62	6.73	195	166	3.04
27-06-2025	Rice	8.73	8.21	444	221	1.8
27-06-2025	Rice	7.33	8.48	210	147	3.39
29-06-2025	Potatoes	5.65	8.12	326	189	0.19
29-06-2025	Tea	1.01	6.8	167	96	0.28
29-06-2025	Butter	1.21	8.16	296	203	2.47
29-06-2025	Wheat	5.93	7.79	265	264	3.42
30-06-2025	Oranges	6.71	6.52	158	167	1.18
01-07-2025	Tea	4.42	8.49	87	76	3.44
02-07-2025	Milk	2.61	6.95	496	128	2.16
02-07-2025	Rice	9.18	7.83	474	66	0.34
03-07-2025	Potatoes	7.16	6.84	255	208	2.2
03-07-2025	Beef	2.39	8.38	296	171	2.72
03-07-2025	Beef	9.8	7.02	275	117	0.55
03-07-2025	Wheat	9.15	6.7	145	278	1.19
04-07-2025	Eggs	7.1	7.05	319	155	2.67
04-07-2025	Yogurt	4	7.85	404	257	4.89
05-07-2025	Tomatoes	6.45	6.72	437	292	0.99
05-07-2025	Sugar	7.84	7.07	183	107	0.14
05-07-2025	Chicken	8.67	7.56	104	137	1.67
05-07-2025	Fish	2.33	7.51	361	57	2.18
06-07-2025	Tea	3.59	7.96	425	282	4.79
06-07-2025	Chicken	1.85	7.68	74	289	4.48
06-07-2025	Oranges	0.9	6.62	295	257	4.23
06-07-2025	Potatoes	5.64	7.18	351	158	4.83
07-07-2025	Butter	0.54	8.37	390	291	0.91
07-07-2025	Pork	3.98	8.01	439	126	4.19
08-07-2025	Wheat	4.62	8.36	456	183	1.66
08-07-2025	Eggs	0.83	6.9	445	54	2.34
08-07-2025	Milk	5.76	6.51	342	144	4.68
09-07-2025	Fish	9.25	8.03	350	98	4.29
10-07-2025	Chicken	7.89	6.79	125	149	2.29
10-07-2025	Cheese	6.78	8.26	68	292	3.21
10-07-2025	Fish	2.82	8.09	143	226	4.69
10-07-2025	Oranges	8.22	8.47	51	67	1.03
11-07-2025	Coffee	8.18	7.69	370	289	1.74
11-07-2025	Apples	3.79	7.39	286	268	3.74
12-07-2025	Milk	7.6	7.71	496	222	0.62
12-07-2025	Tomatoes	2.73	7.61	59	141	4.42
12-07-2025	Fish	1.93	7.72	423	252	0.69
13-07-2025	Eggs	9.54	7.51	188	191	4.81
14-07-2025	Tomatoes	7.27	7.92	190	158	4.49
14-07-2025	Butter	6.25	8.43	427	273	3.12
14-07-2025	Fish	6.63	6.63	415	254	0.21
14-07-2025	Potatoes	2.8	7.85	122	228	2.06
15-07-2025	Fish	4.71	7.11	237	249	2.8
15-07-2025	Tea	1.91	6.81	90	65	2.98
15-07-2025	Wheat	0.59	8.36	267	91	4.29
15-07-2025	Yogurt	7.27	7.31	120	161	1.4
16-07-2025	Cheese	6.65	7.75	95	299	2.37
16-07-2025	Fish	7.18	6.97	51	102	4.97
16-07-2025	Tea	8.95	8.49	127	216	1.72
16-07-2025	Rice	9.42	8.39	497	64	2.65
17-07-2025	Potatoes	8.4	8.45	233	230	2.11
17-07-2025	Coffee	2.44	6.83	99	245	4.67
18-07-2025	Oranges	7.82	7.82	190	71	4.68
18-07-2025	Oranges	7.01	8.14	293	140	3.6
19-07-2025	Bananas	3.73	7.34	401	242	2.08
19-07-2025	Chicken	5.85	7.56	74	254	2.71
20-07-2025	Tea	9.05	8.06	293	263	3.63
20-07-2025	Bread	2.96	7.9	351	294	2.95
20-07-2025	Coffee	5.91	7.34	472	276	0.84
20-07-2025	Coffee	0.87	7.36	149	200	2.78
21-07-2025	Bread	4.5	8.25	407	185	2.2
21-07-2025	Pork	3.36	6.67	340	287	3.18
21-07-2025	Butter	0.76	8.27	141	246	1.25
21-07-2025	Bread	5.91	6.58	217	145	0.29
21-07-2025	Wheat	6.92	8.07	93	55	0.14
23-07-2025	Coffee	3.54	7.23	397	289	4
23-07-2025	Milk	4.28	7.25	69	177	2.22
24-07-2025	Eggs	4.98	8.26	87	133	4.89
24-07-2025	Rice	0.93	7.26	402	79	4.63
25-07-2025	Tomatoes	2.55	7.1	107	145	3.95
25-07-2025	Yogurt	8.62	6.73	225	138	2.47
26-07-2025	Fish	6.74	7.03	467	252	4.59
27-07-2025	Rice	1.69	6.97	178	290	3.74
27-07-2025	Cheese	2.26	8.13	60	150	2.82
27-07-2025	Fish	6.06	7.66	287	75	2.73
27-07-2025	Apples	8.68	8.29	61	257	0.73
27-07-2025	Chicken	4.77	7.68	438	241	0.79
27-07-2025	Oranges	9.52	7.62	58	206	1.67
27-07-2025	Bananas	9.12	7.55	113	183	2.91
28-07-2025	Fish	2.43	7	366	141	0.86
28-07-2025	Eggs	3.6	6.7	427	155	4.36
29-07-2025	Wheat	6.9	7.18	198	225	3.23
29-07-2025	Oranges	7.76	6.99	200	215	3.24
30-07-2025	Bananas	3.88	7.1	306	120	4.08
30-07-2025	Wheat	8.11	7.66	115	290	3.22
30-07-2025	Eggs	3.87	8.39	478	66	2.23
31-07-2025	Apples	2.73	6.53	95	282	0.64
31-07-2025	Tea	0.98	8.13	497	60	4.28
31-07-2025	Chicken	9.07	6.62	373	300	3.6
31-07-2025	Eggs	3.26	7.47	185	104	0.11
31-07-2025	Coffee	6.52	7.9	488	75	4.98
31-07-2025	Yogurt	3.24	6.51	144	178	4.55
31-07-2025	Tomatoes	3.71	7.29	365	120	1.87
31-07-2025	Potatoes	7.93	8.12	361	53	0.71
01-08-2025	Rice	5.99	6.74	53	146	3.31
01-08-2025	Potatoes	4.04	8.01	234	211	3.36
02-08-2025	Pork	5.13	7.18	466	201	3.83
02-08-2025	Milk	5.88	7.43	109	285	0.54
03-08-2025	Milk	3.71	6.73	166	80	2.85
03-08-2025	Bread	8.54	6.68	289	206	3.29
03-08-2025	Potatoes	9.53	7.42	158	261	0.77
04-08-2025	Cheese	7.75	6.87	398	280	1.74
04-08-2025	Eggs	0.86	7.21	120	117	1.9
04-08-2025	Tomatoes	2.68	7.9	383	214	4.07
04-08-2025	Chicken	3.34	8.44	178	95	0.33
05-08-2025	Bread	4.78	8.25	399	60	3.14
06-08-2025	Chicken	9.43	8.44	299	60	1.88
06-08-2025	Cheese	5.97	6.88	113	229	3.83
06-08-2025	Rice	6.07	8.01	258	99	0.94
07-08-2025	Bread	7.77	8.43	147	124	2.25
07-08-2025	Tea	6.45	7.52	464	242	4.57
07-08-2025	Apples	7.98	8.18	197	95	2.56
07-08-2025	Eggs	4.88	7.41	411	73	3.39
08-08-2025	Cheese	6.35	7.97	176	112	0.45
08-08-2025	Milk	5.01	7.74	280	230	3.94
10-08-2025	Oranges	9.48	7.01	370	212	3.06
10-08-2025	Pork	4.75	6.79	381	251	0.7
11-08-2025	Tea	2.43	7.03	385	197	2.41
11-08-2025	Tea	5.61	6.79	360	68	1.34
12-08-2025	Tomatoes	1.33	6.68	429	201	4.69
12-08-2025	Fish	2.12	7.98	329	101	2.43
12-08-2025	Wheat	6.39	8.14	90	222	3.85
12-08-2025	Sugar	4.35	7.25	418	118	1.91
13-08-2025	Beef	6.05	7.01	219	169	3.58
14-08-2025	Bread	1.3	7.44	90	282	4.03
14-08-2025	Apples	2.84	8.3	289	244	2.68
15-08-2025	Beef	2.83	7.94	85	51	3.77
15-08-2025	Pork	3.89	7.42	376	282	0.16
16-08-2025	Butter	9.02	8.29	282	73	1.33
16-08-2025	Wheat	3.79	7.32	368	174	1.47
16-08-2025	Bananas	9.52	8.32	372	165	3.73
16-08-2025	Pork	7.84	6.55	499	280	4.73
16-08-2025	Potatoes	9.26	7.2	152	280	3.26
16-08-2025	Pork	0.85	7.64	270	147	1.75
17-08-2025	Pork	5.4	7.62	303	84	1.2
17-08-2025	Bread	3.48	7.17	434	80	1.33
17-08-2025	Tea	8.25	8.35	410	62	2.03
19-08-2025	Cheese	3.21	8.45	479	231	3.5
20-08-2025	Fish	3.1	8.43	200	165	4.04
20-08-2025	Pork	4.65	7.95	128	225	2.82
20-08-2025	Rice	9.08	6.59	271	298	4.49
21-08-2025	Tomatoes	3.35	7.6	442	51	0.66
21-08-2025	Sugar	2.49	6.51	168	105	0.55
21-08-2025	Rice	0.97	7.69	383	196	1.58
22-08-2025	Tomatoes	3.48	7.95	437	221	2.3
22-08-2025	Coffee	1.38	7.27	142	158	0.84
23-08-2025	Apples	7.25	7.37	183	79	1.64
23-08-2025	Bananas	1.56	6.86	267	186	3.82
23-08-2025	Wheat	9.61	8.4	201	149	4.51
23-08-2025	Beef	9.45	7.71	308	87	0.46
24-08-2025	Pork	3.02	6.8	466	97	3.69
24-08-2025	Rice	5.57	8.39	70	249	0.72
24-08-2025	Yogurt	5.29	8.49	349	164	4.51
25-08-2025	Pork	2.44	7.55	182	190	2.47
25-08-2025	Beef	4.25	6.96	481	111	2.15
26-08-2025	Wheat	7.19	6.9	431	287	0.5
28-08-2025	Eggs	3.09	6.81	108	53	4.8
28-08-2025	Tea	1.9	7.07	432	220	4.26
28-08-2025	Chicken	3.55	7.78	258	94	2.94
28-08-2025	Bread	9.26	7.76	320	50	0.83
28-08-2025	Yogurt	7.59	7.85	439	268	2.34
29-08-2025	Eggs	4.8	6.98	335	242	0.16
31-08-2025	Sugar	4.67	6.9	386	288	4.04
31-08-2025	Milk	8.75	6.73	136	55	2.74
31-08-2025	Potatoes	9.64	6.71	456	246	2.98
01-09-2025	Apples	9.55	7.68	274	263	0.47
02-09-2025	Wheat	8.17	7.61	419	288	3.42
02-09-2025	Coffee	2.22	7.41	89	195	2.33
03-09-2025	Chicken	7.8	6.82	306	182	4.96
03-09-2025	Sugar	4.64	8.39	148	114	0.95
03-09-2025	Apples	7.25	7.42	352	183	2.63
03-09-2025	Coffee	7.52	7.55	141	180	1.92
03-09-2025	Fish	7.98	7.15	137	246	1.43
03-09-2025	Sugar	9.58	7.02	335	190	4.46
04-09-2025	Milk	1.61	6.76	58	172	1.81
04-09-2025	Tea	1.98	7.89	435	98	3.61
06-09-2025	Yogurt	4.84	7.65	272	237	2.06
06-09-2025	Sugar	8.31	8.03	463	299	4.76
06-09-2025	Coffee	3.71	7.05	438	218	2.34
07-09-2025	Butter	6.49	8.04	208	193	3.26
07-09-2025	Coffee	9.94	6.56	217	281	1.98
07-09-2025	Potatoes	8.1	8.4	93	113	3.88
08-09-2025	Fish	1.37	8.03	414	71	1.83
08-09-2025	Yogurt	5.03	7.11	402	111	0.93
08-09-2025	Tomatoes	5.24	7.95	257	63	4.77
09-09-2025	Oranges	1.45	7.55	422	242	4.06
10-09-2025	Sugar	1.83	7.93	419	154	0.62
10-09-2025	Cheese	2.24	8.06	476	161	0.57
10-09-2025	Milk	8.93	7.46	116	119	3.64
10-09-2025	Coffee	2.13	7.59	426	262	2.51
11-09-2025	Rice	7.48	6.54	244	101	4.53
11-09-2025	Butter	3.37	7.92	292	217	0.27
11-09-2025	Sugar	7.09	7.45	255	84	3.84
13-09-2025	Pork	0.67	6.51	425	113	1.21
13-09-2025	Butter	7.02	8.13	419	119	4.04
13-09-2025	Chicken	3.57	6.53	76	272	1.7
14-09-2025	Chicken	2.06	7.93	292	52	1.66
14-09-2025	Cheese	7.42	7.63	84	297	0.85
15-09-2025	Butter	1.62	7.53	139	280	2.31
15-09-2025	Oranges	2.24	6.71	325	115	1
16-09-2025	Sugar	8.1	7.8	458	92	0.65
16-09-2025	Bread	2.64	7.67	343	172	1.44
16-09-2025	Sugar	3.95	7.11	99	221	0.17
16-09-2025	Bread	8.53	8.4	241	71	3.44
16-09-2025	Fish	3.03	7.3	406	178	1.22
17-09-2025	Sugar	8	7.26	351	255	3.73
17-09-2025	Oranges	6.45	8.18	342	205	2.01
17-09-2025	Milk	9.36	7.68	242	72	0.13
17-09-2025	Pork	8.55	6.55	404	223	2.71
17-09-2025	Butter	8.8	7.11	427	52	2.55
17-09-2025	Fish	7.34	7.94	380	299	2.81
19-09-2025	Oranges	7.1	7.6	95	258	1.12
19-09-2025	Cheese	3.06	6.55	161	211	2.65
20-09-2025	Cheese	0.5	6.68	359	296	3.13
20-09-2025	Sugar	5.62	7.49	324	260	1.23
20-09-2025	Sugar	0.65	8.43	423	215	4.5
20-09-2025	Beef	3.59	7.23	175	252	2.93
21-09-2025	Tomatoes	2.49	7	365	256	4.46
21-09-2025	Tomatoes	5.48	8.04	356	170	1.24
22-09-2025	Tea	5.75	6.63	64	154	3.2
22-09-2025	Chicken	6.51	7.36	190	138	4.86
22-09-2025	Yogurt	8.96	6.78	444	226	1.55
23-09-2025	Butter	6.29	6.57	191	153	0.8
23-09-2025	Butter	7.52	7.82	239	256	0.96
23-09-2025	Yogurt	2.8	7.64	100	259	2.93
23-09-2025	Chicken	5.47	7.08	335	220	0.9
24-09-2025	Potatoes	3.65	8.44	288	206	4.18
24-09-2025	Tomatoes	7.74	6.76	483	56	1.37
25-09-2025	Beef	8.97	7.91	500	247	0.97
